Hs NT no.,Hs NT,Hs NT mut,Hs prot. no.,Hs prot.,Hs prot. mut,Disease,Reference,Frequency (Mitomap),Sc prot. No (P00854),Sc prot.,6B8H (chains a/p),Bt. No (P00847),Bt prot.,5FIK (chain W),,,
8527,A,G,1,M,V,,"Felhi et al., 2016",,20,T,10,1,M,,,,
8528,T,C,1,M,T,,"Ware et al., 2009; Imai et al., 2016",,20,T,10,1,M,,,,
8529,G,A,1,M,M,,"Jonckheere et al., 2008",,20,T,10,1,M,,,,
8530,A,NO,2,N,,,,,21,L,11,2,N,,,,
8531,A,NO,2,N,,,,,21,L,11,2,N,,,,
8532,C,NO,2,N,,,,,21,L,11,2,N,,,,
8533,G,NO,3,E,,,,,22,F,12,3,E,,,,
8534,A,NO,3,E,,,,,22,F,12,3,E,,,,
8535,A,NO,3,E,,,,,22,F,12,3,E,,,,
8536,A,NO,4,N,,,,,23,G,13,4,N,,,,
8537,A,NO,4,N,,,,,23,G,13,4,N,,,,
8538,T,NO,4,N,,,,,23,G,13,4,N,,,,
8539,C,NO,5,L,,,,,24,L,14,5,L,,,,
8540,T,NO,5,L,,,,,24,L,14,5,L,,,,
8541,G,NO,5,L,,,,,24,L,14,5,L,,,,
8542,T,NO,6,F,,,,,25,Q,15,6,F,,,,
8543,T,NO,6,F,,,,,25,Q,15,6,F,,,,
8544,C,NO,6,F,,,,,25,Q,15,6,F,,,,
8545,G,NO,7,A,,,,,26,S,16,7,T,,,,
8546,C,NO,7,A,,,,,26,S,16,7,T,,,,
8547,T,NO,7,A,,,,,26,S,16,7,T,,,,
8548,T,NO,8,S,,,,,27,S,17,8,S,,,,
8549,C,NO,8,S,,,,,27,S,17,8,S,,,,
8550,A,NO,8,S,,,,,27,S,17,8,S,,,,
8551,T,NO,9,F,,,,,28,F,18,9,F,,,,
8552,T,NO,9,F,,,,,28,F,18,9,F,,,,
8553,C,NO,9,F,,,,,28,F,18,9,F,,,,
8554,A,NO,10,I,,,,,29,I,19,10,I,1,,,
8555,T,NO,10,I,,,,,29,I,19,10,I,1,,,
8556,T,NO,10,I,,,,,29,I,19,10,I,1,,,
8557,G,NO,11,A,,,,,30,D,20,11,T,2,,,
8558,C,T,11,A,V,,"Tang et al., 2010",,30,D,20,11,T,2,,,
8559,C,NO,11,A,,,,,30,D,20,11,T,2,,,
8560,C,NO,12,P,,,,,31,L,21,12,P,3,,,
8561,C,G,12,P,R,"Ataxia, peripheral neuropathy, diabetes mellitus, and hypergonadotropic hypogonadism","Kytovuori et al., 2016",,31,L,21,12,P,3,,,
8562,C,NO,12,P,,,,,31,L,21,12,P,3,,,
8563,A,NO,13,T,,,,,32,S,22,13,V,4,,,
8564,C,NO,13,T,,,,,32,S,22,13,V,4,,,
8565,A,NO,13,T,,,,,32,S,22,13,V,4,,,
8566,A,NO,14,I,,,,,33,C,23,14,I,5,,,
8567,T,NO,14,I,,,,,33,C,23,14,I,5,,,
8568,C,NO,14,I,,,,,33,C,23,14,I,5,,,
8569,C,NO,15,L,,,,,34,L,24,15,L,6,,,
8570,T,NO,15,L,,,,,34,L,24,15,L,6,,,
8571,A,NO,15,L,,,,,34,L,24,15,L,6,,,
8572,G,NO,16,G,,,,,35,N,25,16,G,7,,,
8573,G,NO,16,G,,,,,35,N,25,16,G,7,,,
8574,C,NO,16,G,,,,,35,N,25,16,G,7,,,
8575,C,NO,17,L,,,,,36,L,26,17,L,8,,,
8576,T,NO,17,L,,,,,36,L,26,17,L,8,,,
8577,A,NO,17,L,,,,,36,L,26,17,L,8,,,
8578,C,NO,18,P,,,,,37,T,27,18,P,9,,,
8579,C,NO,18,P,,,,,37,T,27,18,P,9,,,
8580,C,NO,18,P,,,,,37,T,27,18,P,9,,,
8581,G,NO,19,A,,,,,38,T,28,19,L,10,,,
8582,C,NO,19,A,,,,,38,T,28,19,L,10,,,
8583,C,NO,19,A,,,,,38,T,28,19,L,10,,,
8584,G,NO,20,A,,,,,39,F,29,20,V,11,,,
8585,C,NO,20,A,,,,,39,F,29,20,V,11,,,
8586,A,NO,20,A,,,,,39,F,29,20,V,11,,,
8587,G,NO,21,V,,,,,40,S,30,21,T,12,,,
8588,T,NO,21,V,,,,,40,S,30,21,T,12,,,
8589,A,NO,21,V,,,,,40,S,30,21,T,12,,,
8590,C,NO,22,L,,,,,41,L,31,22,L,13,,,
8591,T,NO,22,L,,,,,41,L,31,22,L,13,,,
8592,G,NO,22,L,,,,,41,L,31,22,L,13,,,
8593,A,NO,23,I,,,,,42,Y,32,23,I,14,,,
8594,T,NO,23,I,,,,,42,Y,32,23,I,14,,,
8595,C,NO,23,I,,,,,42,Y,32,23,I,14,,,
8596,A,NO,24,I,,,,,43,T,33,24,V,15,,,
8597,T,C,24,I,T,MILS,Tsai et al. 2012,,43,T,33,24,V,15,,,
8598,T,NO,24,I,,,,,43,T,33,24,V,15,,,
8599,C,NO,25,L,,,,,44,I,34,25,L,16,,,
8600,T,NO,25,L,,,,,44,I,34,25,L,16,,,
8601,A,NO,25,L,,,,,44,I,34,25,L,16,,,
8602,T,NO,26,F,,,,,45,I,35,26,F,17,,,
8603,T,NO,26,F,,,,,45,I,35,26,F,17,,,
8604,T,NO,26,F,,,,,45,I,35,26,F,17,,,
8605,C,NO,27,P,,,,,46,V,36,27,P,18,,,
8606,C,NO,27,P,,,,,46,V,36,27,P,18,,,
8607,C,NO,27,P,,,,,46,V,36,27,P,18,,,
8608,C,NO,28,P,,,,,47,L,37,28,S,19,,,
8609,C,NO,28,P,,,,,47,L,37,28,S,19,,,
8610,T,NO,28,P,,,,,47,L,37,28,S,19,,,
8611,C,CC,29,L,Frameshift,"Ataxia, microcephaly, developmental delay, intellectual disability","Jackson et al., 2017",0,48,L,38,29,L,20,,,
8612,T,NO,29,L,,,,,48,L,38,29,L,20,,,
8613,A,NO,29,L,,,,,48,L,38,29,L,20,,,
8614,T,NO,30,L,,,,,49,V,39,30,L,21,,,
8615,T,NO,30,L,,,,,49,V,39,30,L,21,,,
8616,G,NO,30,L,,,,,49,V,39,30,L,21,,,
8617,A,NO,31,I,,,,,50,I,40,31,F,22,,,
8618,T,TT,31,I,Frameshift,NARP,"Lopez-Gallardo et al., 2009",0,50,I,40,31,F,22,,,
8619,C,NO,31,I,,,,,50,I,40,31,F,22,,,
8620,C,NO,32,P,,,,,51,T,41,32,P,23,,,
8621,C,NO,32,P,,,,,51,T,41,32,P,23,,,
8622,C,NO,32,P,,,,,51,T,41,32,P,23,,,
8623,A,NO,33,T,,,,,52,S,42,33,T,24,,,
8624,C,NO,33,T,,,,,52,S,42,33,T,24,,,
8625,C,NO,33,T,,,,,52,S,42,33,T,24,,,
8626,T,NO,34,S,,,,,53,L,43,34,S,25,,,
8627,C,NO,34,S,,,,,53,L,43,34,S,25,,,
8628,C,NO,34,S,,,,,53,L,43,34,S,25,,,
8629,A,NO,35,K,,,,,54,Y,44,35,N,26,,,
8630,A,NO,35,K,,,,,54,Y,44,35,N,26,,,
8631,A,NO,35,K,,,,,54,Y,44,35,N,26,,,
8632,T,NO,36,Y,,,,,55,T,45,36,R,27,,,
8633,A,NO,36,Y,,,,,55,T,45,36,R,27,,,
8634,T,NO,36,Y,,,,,55,T,45,36,R,27,,,
8635,C,NO,37,L,,,,,56,L,46,37,L,28,,,
8636,T,NO,37,L,,,,,56,L,46,37,L,28,,,
8637,C,NO,37,L,,,,,56,L,46,37,L,28,,,
8638,A,NO,38,I,,,,,57,T,47,38,V,29,,,
8639,T,NO,38,I,,,,,57,T,47,38,V,29,,,
8640,C,NO,38,I,,,,,57,T,47,38,V,29,,,
8641,A,NO,39,N,,,,,58,N,48,39,S,30,,,
8642,A,NO,39,N,,,,,58,N,48,39,S,30,,,
8643,C,NO,39,N,,,,,58,N,48,39,S,30,,,
8644,A,NO,40,N,,,,,59,N,49,40,N,31,,,
8645,A,NO,40,N,,,,,59,N,49,40,N,31,,,
8646,C,NO,40,N,,,,,59,N,49,40,N,31,,,
,,NO,X,X,,,,,60,N,50,X,X,32,,,
,,NO,X,X,,,,,60,N,50,X,X,32,,,
,,NO,X,X,,,,,60,N,50,X,X,32,,,
8647,C,NO,41,R,,,,,61,N,51,41,R,33,,,
8648,G,NO,41,R,,,,,61,N,51,41,R,33,,,
8649,A,NO,41,R,,,,,61,N,51,41,R,33,,,
8650,C,NO,42,L,,,,,62,K,52,42,F,34,,,
8651,T,NO,42,L,,,,,62,K,52,42,F,34,,,
8652,A,NO,42,L,,,,,62,K,52,42,F,34,,,
8653,A,NO,43,I,,,,,63,I,53,43,V,35,,,
8654,T,NO,43,I,,,,,63,I,53,43,V,35,,,
8655,C,NO,43,I,,,,,63,I,53,43,V,35,,,
8656,A,NO,44,T,,,,,64,I,54,44,T,36,,,
8657,C,NO,44,T,,,,,64,I,54,44,T,36,,,
8658,C,NO,44,T,,,,,64,I,54,44,T,36,,,
8659,A,NO,45,T,,,,,65,G,55,45,L,37,,,
8660,C,NO,45,T,,,,,65,G,55,45,L,37,,,
8661,C,NO,45,T,,,,,65,G,55,45,L,37,,,
8662,C,NO,46,Q,,,,,66,S,56,46,Q,38,,,
8663,A,NO,46,Q,,,,,66,S,56,46,Q,38,,,
8664,A,NO,46,Q,,,,,66,S,56,46,Q,38,,,
8665,C,NO,47,Q,,,,,67,R,57,47,Q,39,,,
8666,A,NO,47,Q,,,,,67,R,57,47,Q,39,,,
8667,A,NO,47,Q,,,,,67,R,57,47,Q,39,,,
8668,T,C,48,W,R,LHON,"Kumar et al., 2010",34,68,W,58,48,W,40,,,
8669,G,NO,48,W,,,,,68,W,58,48,W,40,,,
8670,A,NO,48,W,,,,,68,W,58,48,W,40,,,
8671,C,NO,49,L,,,,,69,L,59,49,M,X,,,
8672,T,NO,49,L,,,,,69,L,59,49,M,X,,,
8673,A,NO,49,L,,,,,69,L,59,49,M,X,,,
8674,A,NO,50,I,,,,,70,I,60,50,L,41,,,
8675,T,NO,50,I,,,,,70,I,60,50,L,41,,,
8676,C,NO,50,I,,,,,70,I,60,50,L,41,,,
8677,A,NO,51,K,,,,,71,S,61,51,Q,42,,,
8678,A,NO,51,K,,,,,71,S,61,51,Q,42,,,
8679,A,NO,51,K,,,,,71,S,61,51,Q,42,,,
8680,C,NO,52,L,,,,,72,Q,62,52,L,43,,,
8681,T,NO,52,L,,,,,72,Q,62,52,L,43,,,
8682,A,NO,52,L,,,,,72,Q,62,52,L,43,,,
8683,A,NO,53,T,,,,,73,E,63,53,V,44,,,
8684,C,T,53,T,I,Autism associated Ovarian insufficiency LHON,"Piryaei et al. 2012, Venkatseh et al. 2010, Kumar et al. 2010",,73,E,63,53,V,44,,,
8685,C,NO,53,T,,,,,73,E,63,53,V,44,,,
8686,T,NO,54,S,,,,,74,A,64,54,S,45,,,
8687,C,NO,54,S,,,,,74,A,64,54,S,45,,,
8688,A,NO,54,S,,,,,74,A,64,54,S,45,,,
8689,A,NO,55,K,,,,,75,I,65,55,K,46,,,
8690,A,NO,55,K,,,,,75,I,65,55,K,46,,,
8691,A,NO,55,K,,,,,75,I,65,55,K,46,,,
8692,C,NO,56,Q,,,,,76,Y,66,56,Q,47,,,
8693,A,NO,56,Q,,,,,76,Y,66,56,Q,47,,,
8694,A,NO,56,Q,,,,,76,Y,66,56,Q,47,,,
8695,A,NO,57,M,,,,,77,D,67,57,M,48,,,
8696,T,NO,57,M,,,,,77,D,67,57,M,48,,,
8697,G,A,57,M,I,Autism associated LHON,"Kumar et al. 2010, Piryaei et al. 2012",,77,D,67,57,M,48,,,
8698,A,NO,58,M,,,,,78,T,68,58,M,49,,,
8699,T,NO,58,M,,,,,78,T,68,58,M,49,,,
8700,A,NO,58,M,,,,,78,T,68,58,M,49,,,
8701,A,G,59,T,A,Autism associated,Piryaei et al. 2012,,79,I,69,59,S,50,,,
8702,C,NO,59,T,,,,,79,I,69,59,S,50,,,
8703,C,NO,59,T,,,,,79,I,69,59,S,50,,,
8704,A,NO,60,M,,,,,80,M,70,60,I,51,,,
8705,T,NO,60,M,,,,,80,M,70,60,I,51,,,
8706,A,NO,60,M,,,,,80,M,70,60,I,51,,,
8707,C,NO,61,H,,,,,81,N,71,61,H,52,,,
8708,A,NO,61,H,,,,,81,N,71,61,H,52,,,
8709,C,NO,61,H,,,,,81,N,71,61,H,52,,,
8710,A,NO,62,N,,,,,82,M,72,62,N,53,,,
8711,A,NO,62,N,,,,,82,M,72,62,N,53,,,
8712,C,NO,62,N,,,,,82,M,72,62,N,53,,,
8713,A,NO,63,T,,,,,83,T,73,63,S,54,,,
8714,C,NO,63,T,,,,,83,T,73,63,S,54,,,
8715,T,NO,63,T,,,,,83,T,73,63,S,54,,,
8716,A,G,64,K,E,Thyroid cancer,"Niedzwiecka K., et al. 2018",,84,K,74,64,K,55,,,
8717,A,NO,64,K,,,,,84,K,74,64,K,55,,,
8718,A,NO,64,K,,,,,84,K,74,64,K,55,,,
8719,G,A,65,G,stop,Suspected mito disease,"Tang et al., 2010",0,85,G,75,65,G,56,,,
8720,G,NO,65,G,,,,,85,G,75,65,G,56,,,
8721,A,NO,65,G,,,,,85,G,75,65,G,56,,,
,,NO,X,X,,,,,86,Q,76,X,X,57,,,
,,NO,X,X,,,,,86,Q,76,X,X,57,,,
,,NO,X,X,,,,,86,Q,76,X,X,57,,,
,,NO,X,X,,,,,87,I,77,X,X,58,,,
,,NO,X,X,,,,,87,I,77,X,X,58,,,
,,NO,X,X,,,,,87,I,77,X,X,58,,,
,,NO,X,X,,,,,88,G,78,X,X,59,,,
,,NO,X,X,,,,,88,G,78,X,X,59,,,
,,NO,X,X,,,,,88,G,78,X,X,59,,,
,,NO,X,X,,,,,89,G,79,X,X,60,,,
,,NO,X,X,,,,,89,G,79,X,X,60,,,
,,NO,X,X,,,,,89,G,79,X,X,60,,,
,,NO,X,X,,,,,90,K,80,X,X,61,,,
,,NO,X,X,,,,,90,K,80,X,X,61,,,
,,NO,X,X,,,,,90,K,80,X,X,61,,,
,,NO,X,X,,,,,91,N,81,X,X,62,,,
,,NO,X,X,,,,,91,N,81,X,X,62,,,
,,NO,X,X,,,,,91,N,81,X,X,62,,,
,,NO,X,X,,,,,92,W,82,X,X,63,,,
,,NO,X,X,,,,,92,W,82,X,X,63,,,
,,NO,X,X,,,,,92,W,82,X,X,63,,,
8722,C,NO,66,R,,,,,93,G,83,66,Q,64,,,
8723,G,A,66,R,Q,Schizophrenia,Ueno et al. 2009,,93,G,83,66,Q,64,,,
8724,A,NO,66,R,,,,,93,G,83,66,Q,64,,,
8725,A,NO,67,T,,,,,94,L,84,67,T,65,,,
8726,C,NO,67,T,,,,,94,L,84,67,T,65,,,
8727,C,NO,67,T,,,,,94,L,84,67,T,65,,,
8728,T,NO,68,W,,,,,95,Y,85,68,W,X,,,
8729,G,NO,68,W,,,,,95,Y,85,68,W,X,,,
8730,A,NO,68,W,,,,,95,Y,85,68,W,X,,,
8731,T,NO,69,S,,,,,96,F,86,69,T,X,,,
8732,C,NO,69,S,,,,,96,F,86,69,T,X,,,
8733,T,NO,69,S,,,,,96,F,86,69,T,X,,,
8734,C,NO,70,L,,,,,97,P,87,70,L,X,,,
8735,T,NO,70,L,,,,,97,P,87,70,L,X,,,
8736,T,NO,70,L,,,,,97,P,87,70,L,X,,,
8737,A,NO,71,M,,,,,98,M,88,71,M,X,,,
8738,T,NO,71,M,,,,,98,M,88,71,M,X,,,
8739,A,NO,71,M,,,,,98,M,88,71,M,X,,,
8740,C,NO,72,L,,,,,99,I,89,72,L,X,,,
8741,T,G,72,L,R,MILS protective factor,Mitomap,0,99,I,89,72,L,X,,,
8742,A,NO,72,L,,,,,99,I,89,72,L,X,,,
8743,G,NO,73,V,,,,,100,F,90,73,M,X,,,
8744,T,NO,73,V,,,,,100,F,90,73,M,X,,,
8745,A,NO,73,V,,,,,100,F,90,73,M,X,,,
8746,T,NO,74,S,,,,,101,T,91,74,S,X,,,
8747,C,NO,74,S,,,,,101,T,91,74,S,X,,,
8748,C,NO,74,S,,,,,101,T,91,74,S,X,,,
8749,T,NO,75,L,,,,,102,L,92,75,L,66,,,
8750,T,NO,75,L,,,,,102,L,92,75,L,66,,,
8751,A,NO,75,L,,,,,102,L,92,75,L,66,,,
8752,A,NO,76,I,,,,,103,F,93,76,I,67,,,
8753,T,NO,76,I,,,,,103,F,93,76,I,67,,,
8754,C,NO,76,I,,,,,103,F,93,76,I,67,,,
8755,A,NO,77,I,,,,,104,M,94,77,L,68,,,
8756,T,NO,77,I,,,,,104,M,94,77,L,68,,,
8757,T,NO,77,I,,,,,104,M,94,77,L,68,,,
8758,T,NO,78,F,,,,,105,F,95,78,F,69,,,
8759,T,NO,78,F,,,,,105,F,95,78,F,69,,,
8760,T,NO,78,F,,,,,105,F,95,78,F,69,,,
8761,A,NO,79,I,,,,,106,I,96,79,I,70,,,
8762,T,NO,79,I,,,,,106,I,96,79,I,70,,,
8763,T,NO,79,I,,,,,106,I,96,79,I,70,,,
8764,G,NO,80,A,,,,,107,F,97,80,G,71,,,
8765,C,NO,80,A,,,,,107,F,97,80,G,71,,,
8766,C,NO,80,A,,,,,107,F,97,80,G,71,,,
8767,A,NO,81,T,,,,,108,I,98,81,S,72,,,
8768,C,NO,81,T,,,,,108,I,98,81,S,72,,,
8769,A,NO,81,T,,,,,108,I,98,81,S,72,,,
8770,A,NO,82,T,,,,,109,A,99,82,T,73,,,
8771,C,NO,82,T,,,,,109,A,99,82,T,73,,,
8772,T,NO,82,T,,,,,109,A,99,82,T,73,,,
8773,A,NO,83,N,,,,,110,N,100,83,N,74,,,
8774,A,NO,83,N,,,,,110,N,100,83,N,74,,,
8775,C,NO,83,N,,,,,110,N,100,83,N,74,,,
8776,C,NO,84,L,,,,,111,L,101,84,L,75,,,
8777,T,NO,84,L,,,,,111,L,101,84,L,75,,,
8778,C,NO,84,L,,,,,111,L,101,84,L,75,,,
8779,C,NO,85,L,,,,,112,I,102,85,L,76,,,
8780,T,NO,85,L,,,,,112,I,102,85,L,76,,,
8781,C,NO,85,L,,,,,112,I,102,85,L,76,,,
8782,G,NO,86,G,,,,,113,S,103,86,G,77,,,
8783,G,NO,86,G,,,,,113,S,103,86,G,77,,,
8784,A,NO,86,G,,,,,113,S,103,86,G,77,,,
8785,C,NO,87,L,,,,,114,M,104,87,L,78,,,
8786,T,NO,87,L,,,,,114,M,104,87,L,78,,,
8787,C,NO,87,L,,,,,114,M,104,87,L,78,,,
8788,C,NO,88,L,,,,,115,I,105,88,L,79,,,
8789,T,NO,88,L,,,,,115,I,105,88,L,79,,,
8790,G,NO,88,L,,,,,115,I,105,88,L,79,,,
8791,C,NO,89,P,,,,,116,P,106,89,P,80,,,
8792,C,NO,89,P,,,,,116,P,106,89,P,80,,,
8793,T,NO,89,P,,,,,116,P,106,89,P,80,,,
8794,C,T,90,H,Y,Schizophrenia,Sequeira et al. 2015,1399,117,Y,107,90,H,81,,,
8795,A,G,90,H,R,MILS protective factor,Mitomap,0,117,Y,107,90,H,81,,,
8796,C,NO,90,H,,,,,117,Y,107,90,H,81,,,
8797,T,NO,91,S,,,,,118,S,108,91,S,82,,,
8798,C,NO,91,S,,,,,118,S,108,91,S,82,,,
8799,A,NO,91,S,,,,,118,S,108,91,S,82,,,
8800,T,NO,92,F,,,,,119,F,109,92,F,83,,,
8801,T,NO,92,F,,,,,119,F,109,92,F,83,,,
8802,T,NO,92,F,,,,,119,F,109,92,F,83,,,
8803,A,NO,93,T,,,,,120,A,110,93,T,84,,,
8804,C,NO,93,T,,,,,120,A,110,93,T,84,,,
8805,A,NO,93,T,,,,,120,A,110,93,T,84,,,
8806,C,NO,94,P,,,,,121,L,111,94,P,85,,,
8807,C,NO,94,P,,,,,121,L,111,94,P,85,,,
8808,A,NO,94,P,,,,,121,L,111,94,P,85,,,
8809,A,NO,95,T,,,,,122,S,112,95,T,86,,,
8810,C,NO,95,T,,,,,122,S,112,95,T,86,,,
8811,C,NO,95,T,,,,,122,S,112,95,T,86,,,
8812,A,NO,96,T,,,,,123,A,113,96,T,87,,,
8813,C,NO,96,T,,,,,123,A,113,96,T,87,,,
8814,C,NO,96,T,,,,,123,A,113,96,T,87,,,
8815,C,NO,97,Q,,,,,124,H,114,97,Q,88,,,
8816,A,NO,97,Q,,,,,124,H,114,97,Q,88,,,
8817,A,NO,97,Q,,,,,124,H,114,97,Q,88,,,
8818,C,NO,98,L,,,,,125,L,115,98,L,89,,,
8819,T,NO,98,L,,,,,125,L,115,98,L,89,,,
8820,A,NO,98,L,,,,,125,L,115,98,L,89,,,
8821,T,G,99,S,A,possible LHON helper variant,Mitomap,0,126,V,116,99,S,90,,,
8822,C,NO,99,S,,,,,126,V,116,99,S,90,,,
8823,T,NO,99,S,,,,,126,V,116,99,S,90,,,
8824,A,NO,100,M,,,,,127,F,117,100,M,91,,,
8825,T,NO,100,M,,,,,127,F,117,100,M,91,,,
8826,A,NO,100,M,,,,,127,F,117,100,M,91,,,
8827,A,NO,101,N,,,,,128,I,118,101,N,92,,,
8828,A,NO,101,N,,,,,128,I,118,101,N,92,,,
8829,C,NO,101,N,,,,,128,I,118,101,N,92,,,
8830,C,NO,102,L,,,,,129,I,119,102,L,93,,,
8831,T,NO,102,L,,,,,129,I,119,102,L,93,,,
8832,A,NO,102,L,,,,,129,I,119,102,L,93,,,
8833,G,NO,103,A,,,,,130,S,120,103,G,94,,,
8834,C,NO,103,A,,,,,130,S,120,103,G,94,,,
8835,C,NO,103,A,,,,,130,S,120,103,G,94,,,
8836,A,G,104,M,V,LHON,Mitomap,152,131,L,121,104,M,95,,,
8837,T,NO,104,M,,,,,131,L,121,104,M,95,,,
8838,G,NO,104,M,,,,,131,L,121,104,M,95,,,
8839,G,C,105,A,P,NARP,Blanco-Grau et al. 2013,,132,S,122,105,A,96,,,
8840,C,NO,105,A,,,,,132,S,122,105,A,96,,,
8841,C,NO,105,A,,,,,132,S,122,105,A,96,,,
8842,A,NO,106,I,,,,,133,I,123,106,I,97,,,
8843,T,C,106,I,T,Schizophrenia,"Ueno et al. 2009, Sequeira et al. 2015",,133,I,123,106,I,97,,,
8844,C,NO,106,I,,,,,133,I,123,106,I,97,,,
8845,C,NO,107,P,,,,,134,V,124,107,P,98,,,
8846,C,NO,107,P,,,,,134,V,124,107,P,98,,,
8847,C,NO,107,P,,,,,134,V,124,107,P,98,,,
8848,T,NO,108,L,,,,,135,I,125,108,L,99,,,
8849,T,NO,108,L,,,,,135,I,125,108,L,99,,,
8850,A,NO,108,L,,,,,135,I,125,108,L,99,,,
8851,T,C,109,W,R,BSN/ Leigh syndrome,"Honzik et al., 2013; Kucharczyk et al., 2013",3,136,W,126,109,W,100,,,
8852,G,NO,109,W,,,,,136,W,126,109,W,100,,,
8853,A,NO,109,W,,,,,136,W,126,109,W,100,,,
8854,G,NO,110,A,,,,,137,L,127,110,A,101,,,
8855,C,NO,110,A,,,,,137,L,127,110,A,101,,,
8856,G,NO,110,A,,,,,137,L,127,110,A,101,,,
8857,G,NO,111,G,,,,,138,G,128,111,G,102,,,
8858,G,NO,111,G,,,,,138,G,128,111,G,102,,,
8859,C,NO,111,G,,,,,138,G,128,111,G,102,,,
8860,A,NO,112,T,,,,,139,N,129,112,A,103,,,
8861,C,NO,112,T,,,,,139,N,129,112,A,103,,,
8862,A,NO,112,T,,,,,139,N,129,112,A,103,,,
8863,G,NO,113,V,,,,,140,T,130,113,V,104,,,
8864,T,NO,113,V,,,,,140,T,130,113,V,104,,,
8865,G,NO,113,V,,,,,140,T,130,113,V,104,,,
8866,A,NO,114,I,,,,,141,I,131,114,I,105,,,
8867,T,NO,114,I,,,,,141,I,131,114,I,105,,,
8868,T,NO,114,I,,,,,141,I,131,114,I,105,,,
8869,A,NO,115,M,,,,,142,L,132,115,T,106,,,
8870,T,NO,115,M,,,,,142,L,132,115,T,106,,,
8871,A,NO,115,M,,,,,142,L,132,115,T,106,,,
8872,G,NO,116,G,,,,,143,G,133,116,G,107,,,
8873,G,NO,116,G,,,,,143,G,133,116,G,107,,,
8874,C,NO,116,G,,,,,143,G,133,116,G,107,,,
8875,T,NO,117,F,,,,,144,L,134,117,F,108,,,
8876,T,NO,117,F,,,,,144,L,134,117,F,108,,,
8877,T,NO,117,F,,,,,144,L,134,117,F,108,,,
8878,C,T,118,R,C,,"Kristen Minton, review",,145,Y,135,118,R,109,,,
8879,G,NO,118,R,,,,,145,Y,135,118,R,109,,,
8880,C,NO,118,R,,,,,145,Y,135,118,R,109,,,
8881,T,NO,119,S,,,,,146,K,136,119,N,110,,,
8882,C,NO,119,S,,,,,146,K,136,119,N,110,,,
8883,T,NO,119,S,,,,,146,K,136,119,N,110,,,
8884,A,NO,120,K,,,,,147,H,137,120,K,111,,,
8885,A,NO,120,K,,,,,147,H,137,120,K,111,,,
8886,G,NO,120,K,,,,,147,H,137,120,K,111,,,
8887,A,NO,121,I,,,,,148,G,138,121,T,112,,,
8888,T,NO,121,I,,,,,148,G,138,121,T,112,,,
8889,T,NO,121,I,,,,,148,G,138,121,T,112,,,
8890,A,G,122,K,E,MS,"Ye et al., 2013",0,149,W,139,122,K,113,,,
8891,A,NO,122,K,,,,,149,W,139,122,K,113,,,
8892,A,NO,122,K,,,,,149,W,139,122,K,113,,,
8893,A,NO,123,N,,,,,150,V,140,123,A,114,,,
8894,A,NO,123,N,,,,,150,V,140,123,A,114,,,
8895,T,NO,123,N,,,,,150,V,140,123,A,114,,,
8896,G,NO,124,A,,,,,151,F,141,124,S,115,,,
8897,C,NO,124,A,,,,,151,F,141,124,S,115,,,
8898,C,NO,124,A,,,,,151,F,141,124,S,115,,,
8899,C,NO,125,L,,,,,152,F,142,125,L,116,,,
8900,T,NO,125,L,,,,,152,F,142,125,L,116,,,
8901,A,NO,125,L,,,,,152,F,142,125,L,116,,,
8902,G,A,126,A,T,Schizophrenia,Ueno et al. 2009,,153,S,143,126,A,117,,,
8903,C,NO,126,A,,,,,153,S,143,126,A,117,,,
8904,C,NO,126,A,,,,,153,S,143,126,A,117,,,
8905,C,NO,127,H,,,,,154,L,144,127,H,118,,,
8906,A,NO,127,H,,,,,154,L,144,127,H,118,,,
8907,C,NO,127,H,,,,,154,L,144,127,H,118,,,
8908,T,NO,128,F,,,,,155,F,145,128,F,119,,,
8909,T,C,128,F, S,,subject of reviewed manuscript,,155,F,145,128,F,119,,,
8910,C,NO,128,F,,,,,155,F,145,128,F,119,,,
8911,T,NO,129,L,,,,,156,V,146,129,L,120,,,
8912,T,NO,129,L,,,,,156,V,146,129,L,120,,,
8913,A,NO,129,L,,,,,156,V,146,129,L,120,,,
8914,C,NO,130,P,,,,,157,P,147,130,P,121,,,
8915,C,NO,130,P,,,,,157,P,147,130,P,121,,,
8916,A,NO,130,P,,,,,157,P,147,130,P,121,,,
8917,C,NO,131,Q,,,,,158,A,148,131,Q,122,,,
8918,A,NO,131,Q,,,,,158,A,148,131,Q,122,,,
8919,A,NO,131,Q,,,,,158,A,148,131,Q,122,,,
8920,G,NO,132,G,,,,,159,G,149,132,G,123,,,
8921,G,NO,132,G,,,,,159,G,149,132,G,123,,,
8922,C,NO,132,G,,,,,159,G,149,132,G,123,,,
8923,A,NO,133,T,,,,,160,T,150,133,T,124,,,
8924,C,NO,133,T,,,,,160,T,150,133,T,124,,,
8925,A,NO,133,T,,,,,160,T,150,133,T,124,,,
8926,C,NO,134,P,,,,,161,P,151,134,P,125,,,
8927,C,NO,134,P,,,,,161,P,151,134,P,125,,,
8928,T,NO,134,P,,,,,161,P,151,134,P,125,,,
8929,A,NO,135,T,,,,,162,L,152,135,T,126,,,
8930,C,NO,135,T,,,,,162,L,152,135,T,126,,,
8931,A,NO,135,T,,,,,162,L,152,135,T,126,,,
8932,C,T,136,P,S,prostate cancer/neuromuscular disorder,"Felhi et al., 2016; Niedzwiecka et al., 2016",212,163,P,153,136,P,127,,,
8933,C,NO,136,P,,,,,163,P,153,136,P,127,,,
8934,C,NO,136,P,,,,,163,P,153,136,P,127,,,
8935,C,NO,137,L,,,,,164,L,154,137,L,128,,,
8936,T,NO,137,L,,,,,164,L,154,137,L,128,,,
8937,T,NO,137,L,,,,,164,L,154,137,L,128,,,
8938,A,NO,138,I,,,,,165,V,155,138,I,129,,,
8939,T,NO,138,I,,,,,165,V,155,138,I,129,,,
8940,C,NO,138,I,,,,,165,V,155,138,I,129,,,
8941,C,NO,139,P,,,,,166,P,156,139,P,130,,,
8942,C,NO,139,P,,,,,166,P,156,139,P,130,,,
8943,C,NO,139,P,,,,,166,P,156,139,P,130,,,
8944,A,NO,140,M,,,,,167,L,157,140,M,131,,,
8945,T,C,140,M,T,Schizophrenia,Ueno et al. 2009,,167,L,157,140,M,131,,,
8946,A,NO,140,M,,,,,167,L,157,140,M,131,,,
8947,C,NO,141,L,,,,,168,L,158,141,L,132,,,
8948,T,NO,141,L,,,,,168,L,158,141,L,132,,,
8949,A,NO,141,L,,,,,168,L,158,141,L,132,,,
8950,G,A,142,V,I,LHON plus dystonia,"Abu-Amero and Bosley, 2005",74,169,V,159,142,V,133,,,
8951,T,NO,142,V,,,,,169,V,159,142,V,133,,,
8952,T,NO,142,V,,,,,169,V,159,142,V,133,,,
8953,A,NO,143,I,,,,,170,I,160,143,I,134,,,
8954,T,NO,143,I,,,,,170,I,160,143,I,134,,,
8955,T,NO,143,I,,,,,170,I,160,143,I,134,,,
8956,A,NO,144,I,,,,,171,I,161,144,I,135,,,
8957,T,NO,144,I,,,,,171,I,161,144,I,135,,,
8958,C,NO,144,I,,,,,171,I,161,144,I,135,,,
8959,G,A,145,E,K,"Developmental delay, intellectual disability, low citrilline",Mitomap,4,172,E,162,145,E,136,,,
8960,A,NO,145,E,,,,,172,E,162,145,E,136,,,
8961,A,NO,145,E,,,,,172,E,162,145,E,136,,,
8962,A,NO,146,T,,,,,173,T,163,146,T,137,,,
8963,C,NO,146,T,,,,,173,T,163,146,T,137,,,
8964,C,NO,146,T,,,,,173,T,163,146,T,137,,,
8965,A,NO,147,I,,,,,174,L,164,147,I,138,,,
8966,T,NO,147,I,,,,,174,L,164,147,I,138,,,
8967,C,NO,147,I,,,,,174,L,164,147,I,138,,,
8968,A,NO,148,S,,,,,175,S,165,148,S,139,,,
8969,G,A,148,S,N,"Mitochondrial myopathy, lactic acidosis and sideroblastic anemia (MLASA)/ IgG neuropathy",Mitomap,0,175,S,165,148,S,139,,,
8970,C,NO,148,S,,,,,175,S,165,148,S,139,,,
8971,C,NO,149,L,,,,,176,Y,166,149,L,140,,,
8972,T,NO,149,L,,,,,176,Y,166,149,L,140,,,
8973,A,NO,149,L,,,,,176,Y,166,149,L,140,,,
8974,C,NO,150,L,,,,,177,F,167,150,F,141,,,
8975,T,NO,150,L,,,,,177,F,167,150,F,141,,,
8976,C,NO,150,L,,,,,177,F,167,150,F,141,,,
8977,A,NO,151,I,,,,,178,A,168,151,I,142,,,
8978,T,NO,151,I,,,,,178,A,168,151,I,142,,,
8979,T,NO,151,I,,,,,178,A,168,151,I,142,,,
8980,C,NO,152,Q,,,,,179,R,169,152,Q,143,,,
8981,A,NO,152,Q,,,,,179,R,169,152,Q,143,,,
8982,A,NO,152,Q,,,,,179,R,169,152,Q,143,,,
8983,C,NO,153,P,,,,,180,A,170,153,P,144,,,
8984,C,NO,153,P,,,,,180,A,170,153,P,144,,,
8985,A,NO,153,P,,,,,180,A,170,153,P,144,,,
8986,A,NO,154,M,,,,,181,I,171,154,M,145,,,
8987,T,NO,154,M,,,,,181,I,171,154,M,145,,,
8988,A,NO,154,M,,,,,181,I,171,154,M,145,,,
8989,G,C,155,A,P,NARP,"Duno et al. 2013, Wen et al. 2016",,182,S,172,155,A,146,,,
8990,C,NO,155,A,,,,,182,S,172,155,A,146,,,
8991,C,NO,155,A,,,,,182,S,172,155,A,146,,,
8992,C,NO,156,L,,,,,183,L,173,156,L,147,,,
8993,T,C/G,156,L,P/R,NARP/Leigh disease/MILS/other,"Holt et al., 1990; Tatuch et al., 1992; Ciafaloni et al., 1993; Puddu et al. 1993; Trounce et al., 1994; Uziel et al., 1997; Vazquez-Memije et al., 1998; Baracca et al., 2000, 2007; Garcia et al., 2000; Nijtmans et al., 2001; Carrozzo et al., 2004; Mattiazzi et al., 2004; Pallotti et al., 2004; Sakai et al., 2004; Enns et al., 2006; Morava et al., 2006; Rojo et al., 2006; Sgarbi et al., 2006; Cortes-Hernandez et al., 2007; Rak et al., 2007/De Vries et al., 1993; Santorelli et al., 1994; Fujii et al., 1998; Vazquez-Memije et al., 1998; Vilarinho et al., 2001; Hurvitz et al., 2002; Pallotti et al., 2004; Morava et al., 2006; Baracca et al., 2007; Craig et al., 2007; Debray et al., 2007; Kucharczyk et al., 2009a; Kara et al., 2012; Aure et al., 2013; Martikainen et al., 2015",2/6,183,L,173,156,L,147,,,
8994,G,NO,156,L,,,,,183,L,173,156,L,147,,,
8995,G,NO,157,A,,,,,184,G,174,157,A,148,,,
8996,C,NO,157,A,,,,,184,G,174,157,A,148,,,
8997,C,NO,157,A,,,,,184,G,174,157,A,148,,,
8998,G,NO,158,V,,,,,185,L,175,158,V,149,,,
8999,T,NO,158,V,,,,,185,L,175,158,V,149,,,
9000,A,NO,158,V,,,,,185,L,175,158,V,149,,,
9001,C,NO,159,R,,,,,186,R,176,159,R,150,,,
9002,G,NO,159,R,,conserved arginine!,,,186,R,176,159,R,150,,,
9003,C,NO,159,R,,,,,186,R,176,159,R,150,,,
9004,C,NO,160,L,,,,,187,L,177,160,L,151,,,
9005,T,NO,160,L,,,,,187,L,177,160,L,151,,,
9006,A,NO,160,L,,,,,187,L,177,160,L,151,,,
9007,A,NO,161,T,,,,,188,G,178,161,T,152,,,
9008,C,NO,161,T,,,,,188,G,178,161,T,152,,,
9009,C,NO,161,T,,,,,188,G,178,161,T,152,,,
9010,G,A,162,A,T,Unspecified neurological,Mitomap,27,189,S,179,162,A,153,,,
9011,C,T,162,A,V,LHON,"Shodara and Wakakura, 2012",,189,S,179,162,A,153,,,
9012,T,NO,162,A,,,,,189,S,179,162,A,153,,,
9013,A,NO,163,N,,,,,190,N,180,163,N,154,,,
9014,A,NO,163,N,,,,,190,N,180,163,N,154,,,
9015,C,NO,163,N,,,,,190,N,180,163,N,154,,,
9016,A,G,164,I,V,LHON,"Povalko et al., 2005",13,191,I,181,164,I,155,,,
9017,T,C,164,I,T,Unspecified neurological disorder,Mitomap,11,191,I,181,164,I,155,,,
9018,T,NO,164,I,,,,,191,I,181,164,I,155,,,
9019,A,NO,165,T,,,,,192,L,182,165,T,156,,,
9020,C,NO,165,T,,,,,192,L,182,165,T,156,,,
9021,T,NO,165,T,,,,,192,L,182,165,T,156,,,
9022,G,NO,166,A,,,,,193,A,183,166,A,157,,,
9023,C,NO,166,A,,,,,193,A,183,166,A,157,,,
9024,A,NO,166,A,,,,,193,A,183,166,A,157,,,
9025,G,A,167,G,S,"MILS-like, NARP","Lopez-Gallardo et al., 2014",29,194,G,184,167,G,158,,,
9026,G,NO,167,G,,,,,194,G,184,167,G,158,,,
9027,C,NO,167,G,,,,,194,G,184,167,G,158,,,
9028,C,NO,168,H,,,,,195,H,185,168,H,159,,,
9029,A,G,168,H,R,LHON-like,"Lopez-Gallardo et al., 2014",1,195,H,185,168,H,159,,,
9030,C,NO,168,H,,,,,195,H,185,168,H,159,,,
9031,C,NO,169,L,,,,,196,L,186,169,L,160,,,
9032,T,C,169,L,P,NARP,"Lopez-Gallardo et al., 2015",0,196,L,186,169,L,160,,,
9033,A,NO,169,L,,,,,196,L,186,169,L,160,,,
9034,C,NO,170,L,,,,,197,L,187,170,L,161,,,
9035,T,C,170,L,P,SCA,"Sikorska et al., 2009; Pfeffer et al., 2012",0,197,L,187,170,L,161,,,
9036,C,NO,170,L,,,,,197,L,187,170,L,161,,,
9037,A,NO,171,M,,,,,198,M,188,171,I,162,,,
9038,T,NO,171,M,,,,,198,M,188,171,I,162,,,
9039,G,NO,171,M,,,,,198,M,188,171,I,162,,,
9040,C,NO,172,H,,,,,199,V,189,172,H,163,,,
9041,A,NO,172,H,,,,,199,V,189,172,H,163,,,
9042,C,NO,172,H,,,,,199,V,189,172,H,163,,,
9043,C,NO,173,L,,,,,200,I,190,173,L,164,,,
9044,T,NO,173,L,,,,,200,I,190,173,L,164,,,
9045,A,NO,173,L,,,,,200,I,190,173,L,164,,,
9046,A,NO,174,I,,,,,201,L,191,174,I,165,,,
9047,T,NO,174,I,,,,,201,L,191,174,I,165,,,
9048,T,NO,174,I,,,,,201,L,191,174,I,165,,,
9049,G,NO,175,G,,,,,202,A,192,175,G,166,,,
9050,G,NO,175,G,,,,,202,A,192,175,G,166,,,
9051,A,NO,175,G,,,,,202,A,192,175,G,166,,,
9052,A,NO,176,S,,,,,203,G,193,176,G,167,,,
9053,G,NO,176,S,,,,,203,G,193,176,G,167,,,
9054,C,NO,176,S,,,,,203,G,193,176,G,167,,,
9055,G,A,177,A,T,Schizophrenia,Sequeira et al. 2015,2017,204,L,194,177,A,168,,,
9056,C,NO,177,A,,,,,204,L,194,177,A,168,,,
9057,C,NO,177,A,,,,,204,L,194,177,A,168,,,
9058,A,G,178,T,A,LVHT,"Tang et al., 2010",28,205,T,195,178,T,169,,,
9059,C,NO,178,T,,,,,205,T,195,178,T,169,,,
9060,C,NO,178,T,,,,,205,T,195,178,T,169,,,
9061,C,NO,179,L,,,,,206,F,196,179,L,170,,,
9062,T,NO,179,L,,,,,206,F,196,179,L,170,,,
9063,A,NO,179,L,,,,,206,F,196,179,L,170,,,
9064,G,NO,180,A,,,,,207,N,197,180,A,171,,,
9065,C,NO,180,A,,,,,207,N,197,180,A,171,,,
9066,A,NO,180,A,,,,,207,N,197,180,A,171,,,
9067,A,NO,181,M,,,,,208,F,198,181,L,172,,,
9068,T,NO,181,M,,,,,208,F,198,181,L,172,,,
9069,A,NO,181,M,,,,,208,F,198,181,L,172,,,
9070,T,NO,182,S,,,,,209,M,199,182,M,173,,,
9071,C,T,182,S,L,Schizophrenia,Ueno et al. 2009,14,209,M,199,182,M,173,,,
9072,A,NO,182,S,,,,,209,M,199,182,M,173,,,
9073,A,NO,183,T,,,,,210,L,200,183,S,174,,,
9074,C,NO,183,T,,,,,210,L,200,183,S,174,,,
9075,C,NO,183,T,,,,,210,L,200,183,S,174,,,
9076,A,NO,184,I,,,,,211,I,201,184,I,175,,,
9077,T,NO,184,I,,,,,211,I,201,184,I,175,,,
9078,T,NO,184,I,,,,,211,I,201,184,I,175,,,
9079,A,NO,185,N,,,,,212,N,202,185,S,176,,,
9080,A,NO,185,N,,,,,212,N,202,185,S,176,,,
9081,C,NO,185,N,,,,,212,N,202,185,S,176,,,
9082,C,NO,186,L,,,,,213,L,203,186,T,177,,,
9083,T,NO,186,L,,,,,213,L,203,186,T,177,,,
9084,T,NO,186,L,,,,,213,L,203,186,T,177,,,
9085,C,NO,187,P,,,,,214,F,204,187,T,178,,,
9086,C,NO,187,P,,,,,214,F,204,187,T,178,,,
9087,C,NO,187,P,,,,,214,F,204,187,T,178,,,
9088,T,NO,188,S,,,,,215,T,205,188,T,179,,,
9089,C,NO,188,S,,,,,215,T,205,188,T,179,,,
9090,T,NO,188,S,,,,,215,T,205,188,T,179,,,
9091,A,NO,189,T,,,,,216,L,206,189,A,180,,,
9092,C,NO,189,T,,,,,216,L,206,189,A,180,,,
9093,A,NO,189,T,,,,,216,L,206,189,A,180,,,
9094,C,T,190,L,F,Ovarian insufficiency,Ventakesh et al. 2010,,217,V,207,190,L,181,,,
9095,T,NO,190,L,,,,,217,V,207,190,L,181,,,
9096,T,NO,190,L,,,,,217,V,207,190,L,181,,,
9097,A,NO,191,I,,,,,218,F,208,191,I,182,,,
9098,T,C,191,I,T,predisposition to anti-retroviral mito disease,Mitomap,52,218,F,208,191,I,182,,,
9099,C,NO,191,I,,,,,218,F,208,191,I,182,,,
,,NO,X,X,,,,,219,G,209,X,X,183,,,
,,NO,X,X,,,,,219,G,209,X,X,183,,,
,,NO,X,X,,,,,219,G,209,X,X,183,,,
,,NO,X,X,,,,,220,F,210,X,X,184,,,
,,NO,X,X,,,,,220,F,210,X,X,184,,,
,,NO,X,X,,,,,220,F,210,X,X,184,,,
,,NO,X,X,,,,,221,V,211,X,X,185,,,
,,NO,X,X,,,,,221,V,211,X,X,185,,,
,,NO,X,X,,,,,221,V,211,X,X,185,,,
9100,A,NO,192,I,,,,,222,P,212,192,T,186,,,
9101,T,C,192,I,T,LHON,"Lamminen et al., 1995; Majander et al., 1997",37,222,P,212,192,T,186,,,
9102,C,NO,192,I,,,,,222,P,212,192,T,186,,,
9103,T,NO,193,F,,,,,223,L,213,193,F,187,,,
9104,T,NO,193,F,,,,,223,L,213,193,F,187,,,
9105,C,NO,193,F,,,,,223,L,213,193,F,187,,,
9106,A,NO,194,T,,,,,224,A,214,194,T,188,,,
9107,C,NO,194,T,,,,,224,A,214,194,T,188,,,
9108,A,NO,194,T,,,,,224,A,214,194,T,188,,,
9109,A,NO,195,I,,,,,225,M,215,195,I,189,,,
9110,T,NO,195,I,,,,,225,M,215,195,I,189,,,
9111,T,NO,195,I,,,,,225,M,215,195,I,189,,,
9112,C,NO,196,L,,,,,226,I,216,196,L,190,,,
9113,T,NO,196,L,,,,,226,I,216,196,L,190,,,
9114,A,NO,196,L,,,,,226,I,216,196,L,190,,,
9115,A,NO,197,I,,,,,227,L,217,197,I,191,,,
9116,T,NO,197,I,,,,,227,L,217,197,I,191,,,
9117,T,NO,197,I,,,,,227,L,217,197,I,191,,,
9118,C,NO,198,L,,,,,228,A,218,198,L,X,,,
9119,T,NO,198,L,,,,,228,A,218,198,L,X,,,
9120,A,NO,198,L,,,,,228,A,218,198,L,X,,,
9121,C,NO,199,L,,,,,229,I,219,199,L,X,,,
9122,T,NO,199,L,,,,,229,I,219,199,L,X,,,
9123,G,NO,199,L,,,,,229,I,219,199,L,X,,,
9124,A,NO,200,T,,,,,230,M,220,200,T,X,,,
9125,C,NO,200,T,,,,,230,M,220,200,T,X,,,
9126,T,NO,200,T,,,,,230,M,220,200,T,X,,,
9127,A,delAT,201,I,PfsX2,NARP,"Mordel et al., 2017",0,231,M,221,201,I,192,,,
9128,T,NO,201,I,,,,,231,M,221,201,I,192,,,
9129,C,NO,201,I,,,,,231,M,221,201,I,192,,,
9130,C,NO,202,L,,,,,232,L,222,202,L,193,,,
9131,T,NO,202,L,,,,,232,L,222,202,L,193,,,
9132,A,NO,202,L,,,,,232,L,222,202,L,193,,,
9133,G,NO,203,E,,,,,233,E,223,203,E,194,,,
9134,A,G,203,E,G,MS with cardiomyopathy,"Honzik et al., 2012",0,233,E,223,203,E,194,,,
9135,A,NO,203,E,,,,,233,E,223,203,E,194,,,
9136,A,NO,204,I,,,,,234,F,224,204,F,195,,,
9137,T,NO,204,I,,,,,234,F,224,204,F,195,,,
9138,C,NO,204,I,,,,,234,F,224,204,F,195,,,
9139,G,A,205,A,T,LHON,"La Morgia et al., 2008",40,235,A,225,205,A,196,,,
9140,C,NO,205,A,,,,,235,A,225,205,A,196,,,
9141,T,NO,205,A,,,,,235,A,225,205,A,196,,,
9142,G,NO,206,V,,,,,236,I,226,206,V,197,,,
9143,T,NO,206,V,,,,,236,I,226,206,V,197,,,
9144,C,NO,206,V,,,,,236,I,226,206,V,197,,,
9145,G,NO,207,A,,,,,237,G,227,207,A,198,,,
9146,C,NO,207,A,,,,,237,G,227,207,A,198,,,
9147,C,NO,207,A,,,,,237,G,227,207,A,198,,,
9148,T,NO,208,L,,,,,238,I,228,208,M,199,,,
9149,T,NO,208,L,,,,,238,I,228,208,M,199,,,
9150,A,NO,208,L,,,,,238,I,228,208,M,199,,,
9151,A,NO,209,I,,,,,239,I,229,209,I,200,,,
9152,T,NO,209,I,,,,,239,I,229,209,I,200,,,
9153,C,NO,209,I,,,,,239,I,229,209,I,200,,,
9154,C,NO,210,Q,,,,,240,Q,230,210,Q,201,,,
9155,A,G/T,210,Q,R/L,"MIDD, renal insufficiency/Developmental delay,intellectual disability,low citrilline",Mitomap,0,240,Q,230,210,Q,201,,,
9156,A,NO,210,Q,,,,,240,Q,230,210,Q,201,,,
9157,G,NO,211,A,,,,,241,G,231,211,A,202,,,
9158,C,NO,211,A,,,,,241,G,231,211,A,202,,,
9159,C,NO,211,A,,,,,241,G,231,211,A,202,,,
9160,T,C,212,Y,H,Schizophrenia,Sequeira et al. 2015,,242,Y,232,212,Y,203,,,
9161,A,NO,212,Y,,,,,242,Y,232,212,Y,203,,,
9162,C,NO,212,Y,,,,,242,Y,232,212,Y,203,,,
9163,G,NO,213,V,,,,,243,V,233,213,V,204,,,
9164,T,NO,213,V,,,,,243,V,233,213,V,204,,,
9165,T,NO,213,V,,,,,243,V,233,213,V,204,,,
9166,T,NO,214,F,,,,,244,W,234,214,F,205,,,
9167,T,NO,214,F,,,,,244,W,234,214,F,205,,,
9168,C,NO,214,F,,,,,244,W,234,214,F,205,,,
9169,A,NO,215,T,,,,,245,A,235,215,T,206,,,
9170,C,NO,215,T,,,,,245,A,235,215,T,206,,,
9171,A,NO,215,T,,,,,245,A,235,215,T,206,,,
9172,C,NO,216,L,,,,,246,I,236,216,L,207,,,
9173,T,NO,216,L,,,,,246,I,236,216,L,207,,,
9174,T,NO,216,L,,,,,246,I,236,216,L,207,,,
9175,C,NO,217,L,,,,,247,L,237,217,L,208,,,
9176,T,C/G,217,L,P/R,"MILS, Periodic paralyzes, CMT, HSP","Thyagarajan et al., 1995; Dionisi-Vici et al., 1998; Makino et al., 1998; Okamoto et al., 1998; Jacobs et al., 2005; Kucharczyk et al., 2009b; Ronchi et al., 2011; Ve rny et al., 2011; Synofzik et al., 2012; Aure et al., 2013",3/1.,247,L,237,217,L,208,,,
9177,A,NO,217,L,,,,,247,L,237,217,L,208,,,
9178,G,NO,218,V,,,,,248,T,238,218,V,209,,,
9179,T,NO,218,V,,,,,248,T,238,218,V,209,,,
9180,A,NO,218,V,,,,,248,T,238,218,V,209,,,
9181,A,NO,219,S,,,,,249,A,239,219,S,210,,,
9182,G,NO,219,S,,,,,249,A,239,219,S,210,,,
9183,C,NO,219,S,,,,,249,A,239,219,S,210,,,
9184,C,NO,220,L,,,,,250,S,240,220,L,211,,,
9185,T,C,220,L,P,"Periodic paralyzes, Ataxia, MILS, CMT, MNS, SCA","Moslemi et al., 2005; Castagna et al., 2007; Childs et al., 2007; Saneto and Singh, 2010; Pfeffer et al., 2012; Pitceathly et al., 2012; Aure et al., 2013; Brum et al., 2014; Kabala et al., 2014",3,250,S,240,220,L,211,,,
9186,C,NO,220,L,,,,,250,S,240,220,L,211,,,
9187,T,NO,221,Y,,,,,251,Y,241,221,Y,212,,,
9188,A,NO,221,Y,,,,,251,Y,241,221,Y,212,,,
9189,C,NO,221,Y,,,,,251,Y,241,221,Y,212,,,
9190,C,NO,222,L,,,,,252,L,242,222,L,213,,,
9191,T,C,222,L,P,MILS,"Moslemi et al., 2005; Kabala et al., 2014",0,252,L,242,222,L,213,,,
9192,G,NO,222,L,,,,,252,L,242,222,L,213,,,
9193,C,NO,223,H,,,,,253,K,243,223,H,214,,,
9194,A,NO,223,H,,,,,253,K,243,223,H,214,,,
9195,C,NO,223,H,,,,,253,K,243,223,H,214,,,
9196,G,NO,224,D,,,,,254,D,244,224,D,215,,,
9197,A,NO,224,D,,,,,254,D,244,224,D,215,,,
9198,C,NO,224,D,,,,,254,D,244,224,D,215,,,
9199,A,NO,225,N,,,,,255,A,245,225,N,216,,,
9200,A,NO,225,N,,,,,255,A,245,225,N,216,,,
9201,C,NO,225,N,,,,,255,A,245,225,N,216,,,
9202,A,NO,226,T,,,,,256,V,246,226,T,217,,,
9203,C,NO,226,T,,,,,256,V,246,226,T,217,,,
9204,A,NO,226,T,,,,,256,V,246,226,T,217,,,
9205,T,del,227,stop,,Encephalopathy/Lactic acidosis,"Seneca et al., 1996; Jesina et al., 2004; Hejzlarova et al., 2015",,257,Y,247,227,stop,218,,,
9206,A,del,227,stop,M,,,0,257,Y,247,227,stop,218,,,
9207,A,NO,227,stop,,,,,257,Y,247,227,stop,218,,,
,,,,,,,,,,,,,,,,,
,,,,,,,,,,,,,,,,,
,,,,,,,,,,,,,,,,,
,,,,,,,,,,,,,,,,,
,,,,,,,,,,,,,,,,,
,,,,,,,,,,,,,,,,,
,,,,,,,,,,,,,,,,,
,,,,,,,,,,,,,,,,,
,,,,,,,,,,,,,,,,,
,,,,,,,,,,,,,,,,,
,,,,,,,,,,,,,,,,,
,,,,,,,,,,,,,,,,,
,,,,,,,,,,,,,,,,,
,,,,,,,,,,,,,,,,,
,,,,,,,,,,,,,,,,,
,,,,,,,,,,,,,,,,,
,,,,,,,,,,,,,,,,,
,,,,,,,,,,,,,,,,,
,,,,,,,,,,,,,,,,,
,,,,,,,,,,,,,,,,,
,,,,,,,,,,,,,,,,,
,,,,,,,,,,,,,,,,,
,,,,,,,,,,,,,,,,,
,,,,,,,,,,,,,,,,,
,,,,,,,,,,,,,,,,,
,,,,,,,,,,,,,,,,,
,,,,,,,,,,,,,,,,,
,,,,,,,,,,,,,,,,,
