Hs NT no.,Hs NT,Hs NT mut,Hs prot. no.,Hs prot.,Hs prot. mut,Disease,Reference,Sc prot. No (P00854),Sc prot.,6B8H (chains H/l),Bt. No (P00847),Bt prot.,5FIK (chain H),Yl. No (P00847),Yl prot.,5FL7 (chain H),
1,A,NO,1,M,,,,,,,1,M,,,,,
2,T,NO,1,M,,,,,,,1,M,,,,,
3,G,NO,1,M,,,,,,,1,M,,,,,
4,C,NO,2,L,,,,,,,2,L,,,,,
5,T,NO,2,L,,,,,,,2,L,,,,,
6,G,NO,2,L,,,,,,,2,L,,,,,
7,C,NO,3,P,,,,,,,3,P,,,,,
8,C,NO,3,P,,,,,,,3,P,,,,,
9,C,NO,3,P,,,,,,,3,P,,,,,
10,G,NO,4,A,,,,,,,4,S,,,,,
11,C,NO,4,A,,,,,,,4,S,,,,,
12,C,NO,4,A,,,,,,,4,S,,,,,
13,G,NO,5,A,,,,,,,5,A,,,,,
14,C,NO,5,A,,,,,,,5,A,,,,,
15,G,NO,5,A,,,,,,,5,A,,,,,
16,C,NO,6,L,,,,,,,6,L,,,,,
17,T,NO,6,L,,,,,,,6,L,,,,,
18,G,NO,6,L,,,,,,,6,L,,,,,
19,C,NO,7,L,,,,,,,7,L,,,,,
20,T,NO,7,L,,,,,,,7,L,,,,,
21,C,NO,7,L,,,,,,,7,L,,,,,
22,C,NO,8,R,,,,,,,8,R,,,,,
23,G,NO,8,R,,,,,,,8,R,,,,,
24,C,NO,8,R,,,,,,,8,R,,,,,
25,C,NO,9,R,,,,,,,9,R,,,,,
26,G,NO,9,R,,,,,,,9,R,,,,,
27,C,NO,9,R,,,,,,,9,R,,,,,
28,C,NO,10,P,,,,,,,10,P,,,,,
29,C,NO,10,P,,,,,,,10,P,,,,,
30,G,NO,10,P,,,,,,,10,P,,,,,
31,G,NO,11,G,,,,,,,11,G,,,,,
32,G,NO,11,G,,,,,,,11,G,,,,,
33,A,NO,11,G,,,,,,,11,G,,,,,
34,C,NO,12,L,,,,,,,12,L,,,,,
35,T,NO,12,L,,,,,,,12,L,,,,,
36,T,NO,12,L,,,,,,,12,L,,,,,
37,G,NO,13,G,,,,,,,13,G,,,,,
38,G,NO,13,G,,,,,,,13,G,,,,,
39,C,NO,13,G,,,,,,,13,G,,,,,
40,C,NO,14,R,,,,,,,14,R,,,,,
41,G,NO,14,R,,,,,,,14,R,,,,,
42,C,NO,14,R,,,,,,,14,R,,,,,
43,C,NO,15,L,,,,,,,15,L,,,,,
44,T,NO,15,L,,,,,,,15,L,,,,,
45,C,NO,15,L,,,,,,,15,L,,,,,
46,G,NO,16,V,,,,16,F,,16,V,,,,,
47,T,NO,16,V,,,,16,F,,16,V,,,,,
48,C,NO,16,V,,,,16,F,,16,V,,,,,
49,C,NO,17,R,,,,17,V,,17,R,,,,,
50,G,NO,17,R,,,,17,V,,17,R,,,,,
51,C,NO,17,R,,,,17,V,,17,R,,,,,
52,C,NO,18,H,,,,18,A,,18,Q,,,,,
53,A,NO,18,H,,,,18,A,,18,Q,,,,,
54,C,NO,18,H,,,,18,A,,18,Q,,,,,
55,G,NO,19,A,,,,19,K,,19,V,,,,,
56,C,NO,19,A,,,,19,K,,19,V,,,,,
57,C,NO,19,A,,,,19,K,,19,V,,,,,
58,C,NO,20,R,,,,20,R,,20,R,,,,,
59,G,NO,20,R,,,,20,R,,20,R,,,,,
60,T,NO,20,R,,,,20,R,,20,R,,,,,
61,G,NO,21,A,,,,21,S,,21,L,,,,,
62,C,NO,21,A,,,,21,S,,21,L,,,,,
63,C,NO,21,A,,,,21,S,,21,L,,,,,
64,T,NO,22,Y,,,,22,Y,,22,Y,,,,,
65,A,NO,22,Y,,,,22,Y,,22,Y,,,,,
66,T,NO,22,Y,,,,22,Y,,22,Y,,,,,
67,G,NO,23,A,,,,23,A,1,23,A,1,,,,
68,C,NO,23,A,,,,23,A,1,23,A,1,,,,
69,C,NO,23,A,,,,23,A,1,23,A,1,,,,
70,G,NO,24,E,,,,24,E,2,24,E,2,,,,
71,A,NO,24,E,,,,24,E,2,24,E,2,,,,
72,G,NO,24,E,,,,24,E,2,24,E,2,,,,
73,G,NO,25,A,,,,25,A,3,25,A,3,,,,
74,C,NO,25,A,,,,25,A,3,25,A,3,,,,
75,C,NO,25,A,,,,25,A,3,25,A,3,,,,
76,G,NO,26,A,,,,26,A,4,26,A,4,,,,
77,C,NO,26,A,,,,26,A,4,26,A,4,,,,
78,C,NO,26,A,,,,26,A,4,26,A,4,,,,
79,G,NO,27,A,,,,27,A,5,27,A,5,,,,
80,C,NO,27,A,,,,27,A,5,27,A,5,,,,
81,C,NO,27,A,,,,27,A,5,27,A,5,,,,
82,G,NO,28,A,,,,28,A,6,28,A,6,,,,
83,C,NO,28,A,,,,28,A,6,28,A,6,,,,
84,C,NO,28,A,,,,28,A,6,28,A,6,,,,
85,C,NO,29,P,,,,29,S,7,29,Q,7,,,,
86,C,NO,29,P,,,,29,S,7,29,Q,7,,,,
87,G,NO,29,P,,,,29,S,7,29,Q,7,,,,
88,G,NO,30,A,,,,30,S,8,30,A,8,,,,
89,C,NO,30,A,,,,30,S,8,30,A,8,,,,
90,T,NO,30,A,,,,30,S,8,30,A,8,,,,
91,G,NO,31,A,,,,,X,,31,P,9,,,,
92,C,NO,31,A,,,,,X,,31,P,9,,,,
93,C,NO,31,A,,,,,X,,31,P,9,,,,
94,G,NO,32,A,,,,,X,,32,A,10,,,,
95,C,NO,32,A,,,,,X,,32,A,10,,,,
96,C,NO,32,A,,,,,X,,32,A,10,,,,
97,T,NO,33,S,,,,,X,,33,A,11,,,,
98,C,NO,33,S,,,,,X,,33,A,11,,,,
99,T,NO,33,S,,,,,X,,33,A,11,,,,
100,G,NO,34,G,,,,,X,,34,G,12,,,,
101,G,NO,34,G,,,,,X,,34,G,12,,,,
102,C,NO,34,G,,,,,X,,34,G,12,,,,
103,C,NO,35,P,,,,,X,,35,P,13,,,,
104,C,NO,35,P,,,,,X,,35,P,13,,,,
105,C,NO,35,P,,,,,X,,35,P,13,,,,
106,A,NO,36,N,,,,,X,,36,G,14,,,,
107,A,NO,36,N,,,,,X,,36,G,14,,,,
108,C,NO,36,N,,,,,X,,36,G,14,,,,
109,C,NO,37,Q,,,,31,G,9,37,Q,15,,,,
110,A,NO,37,Q,,,,31,G,9,37,Q,15,,,,
111,G,NO,37,Q,,,,31,G,9,37,Q,15,,,,
112,A,NO,38,M,,,,32,L,10,38,M,16,,,,
113,T,NO,38,M,,,,32,L,10,38,M,16,,,,
114,G,NO,38,M,,,,32,L,10,38,M,16,,,,
115,T,NO,39,S,,,,33,K,11,39,S,17,,,,
116,C,NO,39,S,,,,33,K,11,39,S,17,,,,
117,C,NO,39,S,,,,33,K,11,39,S,17,,,,
118,T,NO,40,F,,,,34,L,12,40,F,18,,,,
119,T,NO,40,F,,,,34,L,12,40,F,18,,,,
120,C,NO,40,F,,,,34,L,12,40,F,18,,,,
121,A,NO,41,T,,,,35,Q,13,41,T,19,,,,
122,C,NO,41,T,,,,35,Q,13,41,T,19,,,,
123,C,NO,41,T,,,,35,Q,13,41,T,19,,,,
124,T,NO,42,F,,,,36,F,14,42,F,20,,,,
125,T,NO,42,F,,,,36,F,14,42,F,20,,,,
126,C,NO,42,F,,,,36,F,14,42,F,20,,,,
127,G,NO,43,A,,,,37,A,15,43,A,21,,,,
128,C,NO,43,A,,,,37,A,15,43,A,21,,,,
129,C,NO,43,A,,,,37,A,15,43,A,21,,,,
130,T,NO,44,S,,,,38,L,16,44,S,22,,,,
131,C,NO,44,S,,,,38,L,16,44,S,22,,,,
132,T,NO,44,S,,,,38,L,16,44,S,22,,,,
133,C,NO,45,P,,,,39,P,17,45,P,23,,,,
134,C,NO,45,P,,,,39,P,17,45,P,23,,,,
135,C,NO,45,P,,,,39,P,17,45,P,23,,,,
136,A,NO,46,T,,,,40,H,18,46,T,24,,,,
137,C,NO,46,T,,,,40,H,18,46,T,24,,,,
138,G,NO,46,T,,,,40,H,18,46,T,24,,,,
139,C,NO,47,Q,,,,41,E,19,47,Q,25,42,Q,42,
140,A,NO,47,Q,,,,41,E,19,47,Q,25,42,Q,42,
141,G,NO,47,Q,,,,41,E,19,47,Q,25,42,Q,42,
142,G,NO,48,V,,,,42,T,20,48,V,26,43,S,43,
143,T,NO,48,V,,,,42,T,20,48,V,26,43,S,43,
144,G,NO,48,V,,,,42,T,20,48,V,26,43,S,43,
145,T,NO,49,F,,,,43,L,21,49,F,27,44,I,44,
146,T,NO,49,F,,,,43,L,21,49,F,27,44,I,44,
147,C,NO,49,F,,,,43,L,21,49,F,27,44,I,44,
148,T,NO,50,F,,,,44,Y,22,50,F,28,45,Y,45,
149,T,NO,50,F,,,,44,Y,22,50,F,28,45,Y,45,
150,C,NO,50,F,,,,44,Y,22,50,F,28,45,Y,45,
151,A,NO,51,N,,,,45,S,23,51,N,29,46,N,46,
152,A,NO,51,N,,,,45,S,23,51,N,29,46,N,46,
153,C,NO,51,N,,,,45,S,23,51,N,29,46,N,46,
154,G,NO,52,G,,,,46,G,24,52,S,30,47,Q,47,
155,G,NO,52,G,,,,46,G,24,52,S,30,47,Q,47,
156,T,NO,52,G,,,,46,G,24,52,S,30,47,Q,47,
157,G,NO,53,A,,,,47,S,25,53,A,31,48,K,48,
158,C,NO,53,A,,,,47,S,25,53,A,31,48,K,48,
159,C,NO,53,A,,,,47,S,25,53,A,31,48,K,48,
160,A,NO,54,N,,,,48,E,26,54,N,32,49,E,49,
161,A,NO,54,N,,,,48,E,26,54,N,32,49,E,49,
162,C,NO,54,N,,,,48,E,26,54,N,32,49,E,49,
163,G,NO,55,V,,,,49,V,27,55,V,33,50,V,50,
164,T,NO,55,V,,,,49,V,27,55,V,33,50,V,50,
165,C,NO,55,V,,,,49,V,27,55,V,33,50,V,50,
166,C,NO,56,R,,,,50,T,28,56,R,34,51,T,51,
167,G,NO,56,R,,,,50,T,28,56,R,34,51,T,51,
168,G,NO,56,R,,,,50,T,28,56,R,34,51,T,51,
169,C,NO,57,Q,,,,51,Q,29,57,Q,35,52,Q,52,
170,A,NO,57,Q,,,,51,Q,29,57,Q,35,52,Q,52,
171,G,NO,57,Q,,,,51,Q,29,57,Q,35,52,Q,52,
172,G,NO,58,V,,,,52,V,30,58,V,36,53,V,53,
173,T,NO,58,V,,,,52,V,30,58,V,36,53,V,53,
174,G,NO,58,V,,,,52,V,30,58,V,36,53,V,53,
175,G,NO,59,D,,,,53,N,31,59,D,37,54,N,54,
176,A,NO,59,D,,,,53,N,31,59,D,37,54,N,54,
177,C,NO,59,D,,,,53,N,31,59,D,37,54,N,54,
178,G,NO,60,V,,,,54,L,32,60,V,38,55,I,55,
179,T,NO,60,V,,,,54,L,32,60,V,38,55,I,55,
180,G,NO,60,V,,,,54,L,32,60,V,38,55,I,55,
181,C,NO,61,P,,,,55,P,33,61,P,39,56,P,56,
182,C,NO,61,P,,,,55,P,33,61,P,39,56,P,56,
183,C,NO,61,P,,,,55,P,33,61,P,39,56,P,56,
184,A,NO,62,T,,,,56,A,34,62,T,40,57,S,57,
185,C,NO,62,T,,,,56,A,34,62,T,40,57,S,57,
186,G,NO,62,T,,,,56,A,34,62,T,40,57,S,57,
187,C,NO,63,L,,,,57,K,35,63,Q,41,58,T,58,
188,T,NO,63,L,,,,57,K,35,63,Q,41,58,T,58,
189,G,NO,63,L,,,,57,K,35,63,Q,41,58,T,58,
190,A,NO,64,T,,,,58,S,36,64,T,42,59,A,59,
191,C,NO,64,T,,,,58,S,36,64,T,42,59,A,59,
192,C,NO,64,T,,,,58,S,36,64,T,42,59,A,59,
193,G,NO,65,G,,,,59,G,37,65,G,43,60,G,60,
194,G,NO,65,G,,,,59,G,37,65,G,43,60,G,60,
195,A,NO,65,G,,,,59,G,37,65,G,43,60,G,60,
196,G,NO,66,A,,,,60,R,38,66,A,44,61,E,61,
197,C,NO,66,A,,,,60,R,38,66,A,44,61,E,61,
198,C,NO,66,A,,,,60,R,38,66,A,44,61,E,61,
199,T,NO,67,F,,,,61,I,39,67,F,45,62,L,62,
200,T,NO,67,F,,,,61,I,39,67,F,45,62,L,62,
201,C,NO,67,F,,,,61,I,39,67,F,45,62,L,62,
202,G,NO,68,G,,,,62,G,40,68,G,46,63,G,63,
203,G,NO,68,G,,,,62,G,40,68,G,46,63,G,63,
204,C,NO,68,G,,,,62,G,40,68,G,46,63,G,63,
205,A,NO,69,I,,,,63,V,41,69,I,47,64,I,64,
206,T,NO,69,I,,,,63,V,41,69,I,47,64,I,64,
207,C,NO,69,I,,,,63,V,41,69,I,47,64,I,64,
208,C,NO,70,L,,,,64,L,42,70,L,48,65,L,65,
209,T,NO,70,L,,,,64,L,42,70,L,48,65,L,65,
210,G,NO,70,L,,,,64,L,42,70,L,48,65,L,65,
211,G,NO,71,A,,,,65,A,43,71,A,49,66,A,66,
212,C,NO,71,A,,,,65,A,43,71,A,49,66,A,66,
213,G,NO,71,A,,,,65,A,43,71,A,49,66,A,66,
214,G,NO,72,A,,,,66,N,44,72,A,50,67,N,67,
215,C,NO,72,A,,,,66,N,44,72,A,50,67,N,67,
216,C,NO,72,A,,,,66,N,44,72,A,50,67,N,67,
217,C,NO,73,H,,,,67,H,45,73,H,51,68,H,68,
218,A,NO,73,H,,,,67,H,45,73,H,51,68,H,68,
219,C,NO,73,H,,,,67,H,45,73,H,51,68,H,68,
220,G,NO,74,V,,,,68,V,46,74,V,52,69,V,69,
221,T,NO,74,V,,,,68,V,46,74,V,52,69,V,69,
222,G,NO,74,V,,,,68,V,46,74,V,52,69,V,69,
223,C,NO,75,P,,,,69,P,47,75,P,53,70,P,70,
224,C,NO,75,P,,,,69,P,47,75,P,53,70,P,70,
225,C,NO,75,P,,,,69,P,47,75,P,53,70,P,70,
226,A,NO,76,T,,,,70,T,48,76,T,54,71,T,71,
227,C,NO,76,T,,,,70,T,48,76,T,54,71,T,71,
228,G,NO,76,T,,,,70,T,48,76,T,54,71,T,71,
229,C,NO,77,L,,,,71,V,49,77,L,55,72,I,72,
230,T,NO,77,L,,,,71,V,49,77,L,55,72,I,72,
231,G,NO,77,L,,,,71,V,49,77,L,55,72,I,72,
232,C,NO,78,Q,,,,72,E,50,78,Q,56,73,Q,73,
233,A,NO,78,Q,,,,72,E,50,78,Q,56,73,Q,73,
234,G,NO,78,Q,,,,72,E,50,78,Q,56,73,Q,73,
235,G,NO,79,V,,,,73,Q,51,79,V,57,74,Q,74,
236,T,NO,79,V,,,,73,Q,51,79,V,57,74,Q,74,
237,C,NO,79,V,,,,73,Q,51,79,V,57,74,Q,74,
238,C,NO,80,L,,,,74,L,52,80,L,58,75,L,75,
239,T,NO,80,L,,,,74,L,52,80,L,58,75,L,75,
240,G,NO,80,L,,,,74,L,52,80,L,58,75,L,75,
241,C,NO,81,R,,,,75,L,53,81,R,59,76,K,76,
242,G,NO,81,R,,,,75,L,53,81,R,59,76,K,76,
243,G,NO,81,R,,,,75,L,53,81,R,59,76,K,76,
244,C,NO,82,P,,,,76,P,54,82,P,60,77,P,77,
245,C,T,82,P,L,Mitochondrial complex V deficiency nuclear type 5,Olahova et al. (2018) ,76,P,54,82,P,60,77,P,77,
246,G,NO,82,P,,,,76,P,54,82,P,60,77,P,77,
247,G,NO,83,G,,,,77,G,55,83,G,61,78,G,78,
248,G,NO,83,G,,,,77,G,55,83,G,61,78,G,78,
249,G,NO,83,G,,,,77,G,55,83,G,61,78,G,78,
250,C,NO,84,L,,,,78,V,56,84,L,62,79,V,79,
251,T,NO,84,L,,,,78,V,56,84,L,62,79,V,79,
252,G,NO,84,L,,,,78,V,56,84,L,62,79,V,79,
253,G,NO,85,V,,,,79,V,57,85,V,63,80,V,80,
254,T,NO,85,V,,,,79,V,57,85,V,63,80,V,80,
255,C,NO,85,V,,,,79,V,57,85,V,63,80,V,80,
256,G,NO,86,V,,,,80,E,58,86,V,64,81,E,81,
257,T,NO,86,V,,,,80,E,58,86,V,64,81,E,81,
258,G,NO,86,V,,,,80,E,58,86,V,64,81,E,81,
259,G,NO,87,V,,,,81,V,59,87,V,65,82,V,82,
260,T,NO,87,V,,,,81,V,59,87,V,65,82,V,82,
261,G,NO,87,V,,,,81,V,59,87,V,65,82,V,82,
262,C,NO,88,H,,,,82,M,60,88,H,66,83,I,83,
263,A,NO,88,H,,,,82,M,60,88,H,66,83,I,83,
264,T,NO,88,H,,,,82,M,60,88,H,66,83,I,83,
265,G,NO,89,A,,,,83,E,61,89,A,67,84,E,84,
266,C,NO,89,A,,,,83,E,61,89,A,67,84,E,84,
267,A,NO,89,A,,,,83,E,61,89,A,67,84,E,84,
268,G,NO,90,E,,,,84,G,62,90,E,68,85,T,85,
269,A,NO,90,E,,,,84,G,62,90,E,68,85,T,85,
270,G,NO,90,E,,,,84,G,62,90,E,68,85,T,85,
271,G,NO,91,D,,,,85,S,63,91,D,69,86,N,86,
272,A,NO,91,D,,,,85,S,63,91,D,69,86,N,86,
273,C,NO,91,D,,,,85,S,63,91,D,69,86,N,86,
274,G,NO,92,G,,,,,X,,92,G,70,87,G,87,
275,G,NO,92,G,,,,,X,,92,G,70,87,G,87,
276,C,NO,92,G,,,,,X,,92,G,70,87,G,87,
277,A,NO,93,T,,,,86,N,64,93,T,71,88,E,88,
278,C,NO,93,T,,,,86,N,64,93,T,71,88,E,88,
279,C,NO,93,T,,,,86,N,64,93,T,71,88,E,88,
280,A,NO,94,T,,,,87,S,65,94,T,72,89,T,89,
281,C,NO,94,T,,,,87,S,65,94,T,72,89,T,89,
282,C,NO,94,T,,,,87,S,65,94,T,72,89,T,89,
283,T,NO,95,S,,,,88,K,66,95,S,73,90,K,90,
284,C,NO,95,S,,,,88,K,66,95,S,73,90,K,90,
285,C,NO,95,S,,,,88,K,66,95,S,73,90,K,90,
286,A,NO,96,K,,,,89,K,67,96,K,74,91,S,91,
287,A,NO,96,K,,,,89,K,67,96,K,74,91,S,91,
288,A,NO,96,K,,,,89,K,67,96,K,74,91,S,91,
289,T,NO,97,Y,,,,90,F,68,97,Y,75,92,Y,92,
290,A,NO,97,Y,,,,90,F,68,97,Y,75,92,Y,92,
291,C,NO,97,Y,,,,90,F,68,97,Y,75,92,Y,92,
292,T,NO,98,F,,,,91,F,69,98,F,76,93,F,93,
293,T,NO,98,F,,,,91,F,69,98,F,76,93,F,93,
294,T,NO,98,F,,,,91,F,69,98,F,76,93,F,93,
295,G,NO,99,V,,,,92,I,70,99,V,77,94,I,94,
296,T,NO,99,V,,,,92,I,70,99,V,77,94,I,94,
297,G,NO,99,V,,,,92,I,70,99,V,77,94,I,94,
298,A,NO,100,S,,,,93,S,71,100,S,78,95,S,95,
299,G,NO,100,S,,,,93,S,71,100,S,78,95,S,95,
300,C,NO,100,S,,,,93,S,71,100,S,78,95,S,95,
301,A,NO,101,S,,,,94,G,72,101,S,79,96,G,96,
302,G,NO,101,S,,,,94,G,72,101,S,79,96,G,96,
303,C,NO,101,S,,,,94,G,72,101,S,79,96,G,96,
304,G,NO,102,G,,,,95,G,73,102,G,80,97,G,97,
305,G,NO,102,G,,,,95,G,73,102,G,80,97,G,97,
306,T,NO,102,G,,,,95,G,73,102,G,80,97,G,97,
307,T,NO,103,S,,,,96,F,74,103,S,81,98,F,98,
308,C,NO,103,S,,,,96,F,74,103,S,81,98,F,98,
309,C,NO,103,S,,,,96,F,74,103,S,81,98,F,98,
310,A,NO,104,I,,,,97,A,75,104,V,82,99,A,99,
311,T,NO,104,I,,,,97,A,75,104,V,82,99,A,99,
312,C,NO,104,I,,,,97,A,75,104,V,82,99,A,99,
313,G,NO,105,A,,,,98,T,76,105,T,83,100,T,100,
314,C,NO,105,A,,,,98,T,76,105,T,83,100,T,100,
315,A,NO,105,A,,,,98,T,76,105,T,83,100,T,100,
316,G,NO,106,V,,,,99,V,77,106,V,84,101,V,101,
317,T,G,106,V,G,Mitochondrial complex V deficiency nuclear type 5,Olahova et al. (2018) ,99,V,77,106,V,84,101,V,101,
318,G,NO,106,V,,,,99,V,77,106,V,84,101,V,101,
319,A,NO,107,N,,,,100,Q,78,107,N,85,102,Q,102,
320,A,NO,107,N,,,,100,Q,78,107,N,85,102,Q,102,
321,C,NO,107,N,,,,100,Q,78,107,N,85,102,Q,102,
322,G,NO,108,A,,,,101,P,79,108,A,86,103,P,103,
323,C,NO,108,A,,,,101,P,79,108,A,86,103,P,103,
324,C,NO,108,A,,,,101,P,79,108,A,86,103,P,103,
325,G,NO,109,D,,,,102,D,80,109,D,87,104,D,104,
326,A,NO,109,D,,,,102,D,80,109,D,87,104,D,104,
327,C,NO,109,D,,,,102,D,80,109,D,87,104,D,104,
328,T,NO,110,S,,,,103,S,81,110,S,88,105,S,105,
329,C,NO,110,S,,,,103,S,81,110,S,88,105,S,105,
330,T,NO,110,S,,,,103,S,81,110,S,88,105,S,105,
331,T,NO,111,S,,,,104,Q,82,111,S,89,106,E,106,
332,C,NO,111,S,,,,104,Q,82,111,S,89,106,E,106,
333,G,NO,111,S,,,,104,Q,82,111,S,89,106,E,106,
334,G,NO,112,V,,,,105,L,83,112,V,90,107,L,107,
335,T,NO,112,V,,,,105,L,83,112,V,90,107,L,107,
336,G,NO,112,V,,,,105,L,83,112,V,90,107,L,107,
337,C,NO,113,Q,,,,106,C,84,113,Q,91,108,S,108,
338,A,NO,113,Q,,,,106,C,84,113,Q,91,108,S,108,
339,G,NO,113,Q,,,,106,C,84,113,Q,91,108,S,108,
340,T,NO,114,L,,,,107,V,85,114,L,92,109,V,109,
341,T,NO,114,L,,,,107,V,85,114,L,92,109,V,109,
342,G,NO,114,L,,,,107,V,85,114,L,92,109,V,109,
343,T,NO,115,L,,,,108,T,86,115,L,93,110,N,110,
344,T,NO,115,L,,,,108,T,86,115,L,93,110,N,110,
345,G,NO,115,L,,,,108,T,86,115,L,93,110,N,110,
346,G,NO,116,A,,,,109,A,87,116,A,94,111,S,111,
347,C,NO,116,A,,,,109,A,87,116,A,94,111,S,111,
348,C,NO,116,A,,,,109,A,87,116,A,94,111,S,111,
349,G,NO,117,E,,,,110,I,88,117,E,95,112,I,112,
350,A,NO,117,E,,,,110,I,88,117,E,95,112,I,112,
351,A,NO,117,E,,,,110,I,88,117,E,95,112,I,112,
352,G,NO,118,E,,,,111,E,89,118,E,96,113,E,113,
353,A,NO,118,E,,,,111,E,89,118,E,96,113,E,113,
354,G,NO,118,E,,,,111,E,89,118,E,96,113,E,113,
355,G,NO,119,A,,,,112,A,90,119,A,97,114,A,114,
356,C,NO,119,A,,,,112,A,90,119,A,97,114,A,114,
357,C,NO,119,A,,,,112,A,90,119,A,97,114,A,114,
358,G,NO,120,V,,,,113,F,91,120,V,98,115,F,115,
359,T,NO,120,V,,,,113,F,91,120,V,98,115,F,115,
360,G,NO,120,V,,,,113,F,91,120,V,98,115,F,115,
361,A,NO,121,T,,,,114,P,92,121,T,99,116,Q,116,
362,C,NO,121,T,,,,114,P,92,121,T,99,116,Q,116,
363,G,NO,121,T,,,,114,P,92,121,T,99,116,Q,116,
364,C,NO,122,L,,,,115,L,93,122,L,100,117,A,117,
365,T,NO,122,L,,,,115,L,93,122,L,100,117,A,117,
366,G,NO,122,L,,,,115,L,93,122,L,100,117,A,117,
367,G,NO,123,D,,,,116,E,94,123,D,101,118,E,118,
368,A,NO,123,D,,,,116,E,94,123,D,101,118,E,118,
369,C,NO,123,D,,,,116,E,94,123,D,101,118,E,118,
370,A,NO,124,M,,,,117,S,95,124,M,102,119,D,119,
371,T,NO,124,M,,,,117,S,95,124,M,102,119,D,119,
372,G,NO,124,M,,,,117,S,95,124,M,102,119,D,119,
373,T,NO,125,L,,,,118,F,96,125,L,103,120,F,120,
374,T,NO,125,L,,,,118,F,96,125,L,103,120,F,120,
375,G,NO,125,L,,,,118,F,96,125,L,103,120,F,120,
376,G,NO,126,D,,,,119,S,97,126,D,104,121,S,121,
377,A,NO,126,D,,,,119,S,97,126,D,104,121,S,121,
378,C,NO,126,D,,,,119,S,97,126,D,104,121,S,121,
379,C,NO,127,L,,,,120,Q,98,127,L,105,122,P,122,
380,T,NO,127,L,,,,120,Q,98,127,L,105,122,P,122,
381,G,NO,127,L,,,,120,Q,98,127,L,105,122,P,122,
382,G,NO,128,G,,,,121,E,99,128,G,106,123,E,123,
383,G,NO,128,G,,,,121,E,99,128,G,106,123,E,123,
384,G,NO,128,G,,,,121,E,99,128,G,106,123,E,123,
385,G,NO,129,A,,,,122,N,100,129,A,107,124,A,124,
386,C,NO,129,A,,,,122,N,100,129,A,107,124,A,124,
387,A,NO,129,A,,,,122,N,100,129,A,107,124,A,124,
388,G,NO,130,A,,,,123,I,101,130,A,108,125,I,125,
389,C,NO,130,A,,,,123,I,101,130,A,108,125,I,125,
390,C,NO,130,A,,,,123,I,101,130,A,108,125,I,125,
391,A,NO,131,K,,,,124,K,102,131,K,109,126,K,126,
392,A,NO,131,K,,,,124,K,102,131,K,109,126,K,126,
393,G,NO,131,K,,,,124,K,102,131,K,109,126,K,126,
394,G,NO,132,A,,,,125,N,103,132,A,110,127,S,127,
395,C,NO,132,A,,,,125,N,103,132,A,110,127,S,127,
396,A,NO,132,A,,,,125,N,103,132,A,110,127,S,127,
397,A,NO,133,N,,,,126,L,104,133,N,111,128,L,128,
398,A,NO,133,N,,,,126,L,104,133,N,111,128,L,128,
399,C,NO,133,N,,,,126,L,104,133,N,111,128,L,128,
400,T,NO,134,L,,,,127,L,105,134,L,112,129,T,129,
401,T,NO,134,L,,,,127,L,105,134,L,112,129,T,129,
402,G,NO,134,L,,,,127,L,105,134,L,112,129,T,129,
403,G,NO,135,E,,,,128,A,106,135,E,113,130,A,130,
404,A,NO,135,E,,,,128,A,106,135,E,113,130,A,130,
405,G,NO,135,E,,,,128,A,106,135,E,113,130,A,130,
406,A,NO,136,K,,,,129,E,107,136,K,114,131,E,131,
407,A,NO,136,K,,,,129,E,107,136,K,114,131,E,131,
408,G,NO,136,K,,,,129,E,107,136,K,114,131,E,131,
409,G,NO,137,A,,,,130,A,108,137,A,115,132,A,132,
410,C,NO,137,A,,,,130,A,108,137,A,115,132,A,132,
411,C,NO,137,A,,,,130,A,108,137,A,115,132,A,132,
412,C,NO,138,Q,,,,131,K,109,138,Q,116,133,Q,133,
413,A,NO,138,Q,,,,131,K,109,138,Q,116,133,Q,133,
414,G,NO,138,Q,,,,131,K,109,138,Q,116,133,Q,133,
415,G,NO,139,A,,,,132,K,110,139,S,117,134,K,134,
416,C,NO,139,A,,,,132,K,110,139,S,117,134,K,134,
417,G,NO,139,A,,,,132,K,110,139,S,117,134,K,134,
418,G,NO,140,E,,,,133,N,111,140,E,118,135,N,135,
419,A,NO,140,E,,,,133,N,111,140,E,118,135,N,135,
420,G,NO,140,E,,,,133,N,111,140,E,118,135,N,135,
421,C,NO,141,L,,,,134,V,112,141,L,119,136,A,136,
422,T,NO,141,L,,,,134,V,112,141,L,119,136,A,136,
423,G,NO,141,L,,,,134,V,112,141,L,119,136,A,136,
424,G,NO,142,V,,,,135,S,113,142,L,120,137,Q,137,
425,T,NO,142,V,,,,135,S,113,142,L,120,137,Q,137,
426,G,NO,142,V,,,,135,S,113,142,L,120,137,Q,137,
427,G,NO,143,G,,,,,X,,143,G,121,,X,,
428,G,NO,143,G,,,,,X,,143,G,121,,X,,
429,G,NO,143,G,,,,,X,,143,G,121,,X,,
430,A,NO,144,T,,,,136,S,114,144,A,122,138,S,138,
431,C,NO,144,T,,,,136,S,114,144,A,122,138,S,138,
432,A,NO,144,T,,,,136,S,114,144,A,122,138,S,138,
433,G,NO,145,A,,,,137,S,115,145,A,123,139,A,139,
434,C,NO,145,A,,,,137,S,115,145,A,123,139,A,139,
435,T,NO,145,A,,,,137,S,115,145,A,123,139,A,139,
436,G,NO,146,D,,,,138,D,116,146,D,124,140,D,140,
437,A,NO,146,D,,,,138,D,116,146,D,124,140,D,140,
438,C,NO,146,D,,,,138,D,116,146,D,124,140,D,140,
439,G,NO,147,E,,,,139,A,117,147,E,125,141,E,141,
440,A,NO,147,E,,,,139,A,117,147,E,125,141,E,141,
441,G,NO,147,E,,,,139,A,117,147,E,125,141,E,141,
442,G,NO,148,A,,,,140,R,118,148,A,126,142,A,142,
443,C,NO,148,A,,,,140,R,118,148,A,126,142,A,142,
444,C,NO,148,A,,,,140,R,118,148,A,126,142,A,142,
445,A,NO,149,T,,,,141,E,119,149,T,127,143,V,143,
446,C,NO,149,T,,,,141,E,119,149,T,127,143,V,143,
447,G,NO,149,T,,,,141,E,119,149,T,127,143,V,143,
448,C,NO,150,R,,,,142,A,120,150,R,128,144,A,144,
449,G,NO,150,R,,,,142,A,120,150,R,128,144,A,144,
450,G,NO,150,R,,,,142,A,120,150,R,128,144,A,144,
451,G,NO,151,A,,,,143,A,121,151,A,129,145,A,145,
452,C,NO,151,A,,,,143,A,121,151,A,129,145,A,145,
453,A,NO,151,A,,,,143,A,121,151,A,129,145,A,145,
454,G,NO,152,E,,,,144,E,122,152,E,130,146,E,146,
455,A,NO,152,E,,,,144,E,122,152,E,130,146,E,146,
456,G,NO,152,E,,,,144,E,122,152,E,130,146,E,146,
457,A,NO,153,I,,,,145,A,123,153,I,131,147,A,147,
458,T,NO,153,I,,,,145,A,123,153,I,131,147,A,147,
459,C,NO,153,I,,,,145,A,123,153,I,131,147,A,147,
460,C,NO,154,Q,,,,146,A,124,154,Q,132,148,E,148,
461,A,NO,154,Q,,,,146,A,124,154,Q,132,148,E,148,
462,G,NO,154,Q,,,,146,A,124,154,Q,132,148,E,148,
463,A,NO,155,I,,,,147,I,125,155,I,133,149,I,149,
464,T,NO,155,I,,,,147,I,125,155,I,133,149,I,149,
465,C,NO,155,I,,,,147,I,125,155,I,133,149,I,149,
466,C,NO,156,R,,,,148,Q,126,156,R,134,150,E,150,
467,G,NO,156,R,,,,148,Q,126,156,R,134,150,E,150,
468,A,NO,156,R,,,,148,Q,126,156,R,134,150,E,150,
469,A,NO,157,I,,,,149,V,127,157,I,135,151,L,151,
470,T,NO,157,I,,,,149,V,127,157,I,135,151,L,151,
471,C,NO,157,I,,,,149,V,127,157,I,135,151,L,151,
472,G,NO,158,E,,,,150,E,128,158,E,136,152,E,152,
473,A,NO,158,E,,,,150,E,128,158,E,136,152,E,152,
474,G,NO,158,E,,,,150,E,128,158,E,136,152,E,152,
475,G,NO,159,A,,,,151,V,129,159,A,137,153,V,153,
476,C,NO,159,A,,,,151,V,129,159,A,137,153,V,153,
477,C,NO,159,A,,,,151,V,129,159,A,137,153,V,153,
478,A,NO,160,N,,,,152,L,130,160,N,138,154,L,154,
479,A,NO,160,N,,,,152,L,130,160,N,138,154,L,154,
480,C,NO,160,N,,,,152,L,130,160,N,138,154,L,154,
481,G,NO,161,E,,,,153,E,131,161,E,139,155,E,155,
482,A,NO,161,E,,,,153,E,131,161,E,139,155,E,155,
483,G,NO,161,E,,,,153,E,131,161,E,139,155,E,155,
484,G,NO,162,A,,,,154,N,132,162,A,140,156,A,156,
485,C,NO,162,A,,,,154,N,132,162,A,140,156,A,156,
486,C,NO,162,A,,,,154,N,132,162,A,140,156,A,156,
487,C,NO,163,L,,,,155,L,133,163,L,141,157,L,157,
488,T,NO,163,L,,,,155,L,133,163,L,141,157,L,157,
489,G,NO,163,L,,,,155,L,133,163,L,141,157,L,157,
490,G,NO,164,V,,,,156,Q,134,164,V,142,,,,
491,T,NO,164,V,,,,156,Q,134,164,V,142,,,,
492,G,NO,164,V,,,,156,Q,134,164,V,142,,,,
493,A,NO,165,K,,,,157,S,135,165,K,143,,,,
494,A,NO,165,K,,,,157,S,135,165,K,143,,,,
495,G,NO,165,K,,,,157,S,135,165,K,143,,,,
496,G,NO,166,A,,,,158,V,136,166,A,144,,,,
497,C,NO,166,A,,,,158,V,136,166,A,144,,,,
498,C,NO,166,A,,,,158,V,136,166,A,144,,,,
499,C,NO,167,L,,,,159,L,137,167,L,145,,,,
500,T,NO,167,L,,,,159,L,137,167,L,145,,,,
501,G,NO,167,L,,,,159,L,137,167,L,145,,,,
502,G,NO,168,E,,,,160,K,138,168,E,146,,,,
503,A,NO,168,E,,,,160,K,138,168,E,146,,,,
504,G,NO,168,E,,,,160,K,138,168,E,146,,,,
,,,,,,,,,,,,,,,,,
,,,,,,,,,,,,,,,,,
,,,,,,,,,,,,,,,,,
,,,,,,,,,,,,,,,,,
,,,,,,,,,,,,,,,,,
,,,,,,,,,,,,,,,,,
,,,,,,,,,,,,,,,,,
,,,,,,,,,,,,,,,,,
,,,,,,,,,,,,,,,,,
,,,,,,,,,,,,,,,,,
,,,,,,,,,,,,,,,,,
,,,,,,,,,,,,,,,,,
,,,,,,,,,,,,,,,,,
,,,,,,,,,,,,,,,,,
,,,,,,,,,,,,,,,,,
,,,,,,,,,,,,,,,,,
,,,,,,,,,,,,,,,,,
,,,,,,,,,,,,,,,,,
,,,,,,,,,,,,,,,,,
,,,,,,,,,,,,,,,,,
,,,,,,,,,,,,,,,,,
,,,,,,,,,,,,,,,,,
,,,,,,,,,,,,,,,,,
,,,,,,,,,,,,,,,,,
,,,,,,,,,,,,,,,,,
,,,,,,,,,,,,,,,,,
,,,,,,,,,,,,,,,,,
,,,,,,,,,,,,,,,,,
,,,,,,,,,,,,,,,,,
,,,,,,,,,,,,,,,,,
,,,,,,,,,,,,,,,,,
,,,,,,,,,,,,,,,,,
,,,,,,,,,,,,,,,,,
,,,,,,,,,,,,,,,,,
,,,,,,,,,,,,,,,,,
,,,,,,,,,,,,,,,,,
,,,,,,,,,,,,,,,,,
,,,,,,,,,,,,,,,,,
,,,,,,,,,,,,,,,,,
,,,,,,,,,,,,,,,,,
,,,,,,,,,,,,,,,,,
,,,,,,,,,,,,,,,,,
,,,,,,,,,,,,,,,,,
,,,,,,,,,,,,,,,,,
,,,,,,,,,,,,,,,,,
,,,,,,,,,,,,,,,,,
,,,,,,,,,,,,,,,,,
,,,,,,,,,,,,,,,,,
,,,,,,,,,,,,,,,,,
,,,,,,,,,,,,,,,,,
,,,,,,,,,,,,,,,,,
,,,,,,,,,,,,,,,,,
,,,,,,,,,,,,,,,,,
,,,,,,,,,,,,,,,,,
,,,,,,,,,,,,,,,,,
,,,,,,,,,,,,,,,,,
,,,,,,,,,,,,,,,,,
,,,,,,,,,,,,,,,,,
,,,,,,,,,,,,,,,,,
,,,,,,,,,,,,,,,,,
,,,,,,,,,,,,,,,,,
,,,,,,,,,,,,,,,,,
,,,,,,,,,,,,,,,,,
,,,,,,,,,,,,,,,,,
,,,,,,,,,,,,,,,,,
,,,,,,,,,,,,,,,,,
,,,,,,,,,,,,,,,,,
,,,,,,,,,,,,,,,,,
,,,,,,,,,,,,,,,,,
,,,,,,,,,,,,,,,,,
,,,,,,,,,,,,,,,,,
,,,,,,,,,,,,,,,,,
,,,,,,,,,,,,,,,,,
,,,,,,,,,,,,,,,,,
,,,,,,,,,,,,,,,,,
,,,,,,,,,,,,,,,,,
,,,,,,,,,,,,,,,,,
,,,,,,,,,,,,,,,,,
,,,,,,,,,,,,,,,,,
,,,,,,,,,,,,,,,,,
,,,,,,,,,,,,,,,,,
,,,,,,,,,,,,,,,,,
,,,,,,,,,,,,,,,,,
,,,,,,,,,,,,,,,,,
,,,,,,,,,,,,,,,,,
,,,,,,,,,,,,,,,,,
,,,,,,,,,,,,,,,,,
,,,,,,,,,,,,,,,,,
,,,,,,,,,,,,,,,,,
,,,,,,,,,,,,,,,,,
,,,,,,,,,,,,,,,,,
,,,,,,,,,,,,,,,,,
,,,,,,,,,,,,,,,,,
,,,,,,,,,,,,,,,,,
,,,,,,,,,,,,,,,,,
,,,,,,,,,,,,,,,,,
,,,,,,,,,,,,,,,,,
,,,,,,,,,,,,,,,,,
,,,,,,,,,,,,,,,,,
,,,,,,,,,,,,,,,,,
,,,,,,,,,,,,,,,,,
,,,,,,,,,,,,,,,,,
,,,,,,,,,,,,,,,,,
,,,,,,,,,,,,,,,,,
,,,,,,,,,,,,,,,,,
,,,,,,,,,,,,,,,,,
,,,,,,,,,,,,,,,,,
,,,,,,,,,,,,,,,,,
,,,,,,,,,,,,,,,,,
,,,,,,,,,,,,,,,,,
,,,,,,,,,,,,,,,,,
,,,,,,,,,,,,,,,,,
,,,,,,,,,,,,,,,,,
,,,,,,,,,,,,,,,,,
,,,,,,,,,,,,,,,,,
,,,,,,,,,,,,,,,,,
,,,,,,,,,,,,,,,,,
,,,,,,,,,,,,,,,,,
,,,,,,,,,,,,,,,,,
,,,,,,,,,,,,,,,,,
,,,,,,,,,,,,,,,,,
,,,,,,,,,,,,,,,,,
,,,,,,,,,,,,,,,,,
,,,,,,,,,,,,,,,,,
,,,,,,,,,,,,,,,,,
,,,,,,,,,,,,,,,,,
,,,,,,,,,,,,,,,,,
,,,,,,,,,,,,,,,,,
,,,,,,,,,,,,,,,,,
,,,,,,,,,,,,,,,,,
,,,,,,,,,,,,,,,,,
,,,,,,,,,,,,,,,,,
,,,,,,,,,,,,,,,,,
,,,,,,,,,,,,,,,,,
,,,,,,,,,,,,,,,,,
,,,,,,,,,,,,,,,,,
,,,,,,,,,,,,,,,,,
,,,,,,,,,,,,,,,,,
,,,,,,,,,,,,,,,,,
,,,,,,,,,,,,,,,,,
,,,,,,,,,,,,,,,,,
,,,,,,,,,,,,,,,,,
,,,,,,,,,,,,,,,,,
,,,,,,,,,,,,,,,,,
,,,,,,,,,,,,,,,,,
,,,,,,,,,,,,,,,,,
,,,,,,,,,,,,,,,,,
,,,,,,,,,,,,,,,,,
,,,,,,,,,,,,,,,,,
,,,,,,,,,,,,,,,,,
,,,,,,,,,,,,,,,,,
,,,,,,,,,,,,,,,,,
,,,,,,,,,,,,,,,,,
,,,,,,,,,,,,,,,,,
,,,,,,,,,,,,,,,,,
,,,,,,,,,,,,,,,,,
,,,,,,,,,,,,,,,,,
,,,,,,,,,,,,,,,,,
,,,,,,,,,,,,,,,,,
,,,,,,,,,,,,,,,,,
,,,,,,,,,,,,,,,,,
,,,,,,,,,,,,,,,,,
,,,,,,,,,,,,,,,,,
,,,,,,,,,,,,,,,,,
,,,,,,,,,,,,,,,,,
,,,,,,,,,,,,,,,,,
,,,,,,,,,,,,,,,,,
,,,,,,,,,,,,,,,,,
,,,,,,,,,,,,,,,,,
,,,,,,,,,,,,,,,,,
,,,,,,,,,,,,,,,,,
,,,,,,,,,,,,,,,,,
,,,,,,,,,,,,,,,,,
,,,,,,,,,,,,,,,,,
,,,,,,,,,,,,,,,,,
,,,,,,,,,,,,,,,,,
,,,,,,,,,,,,,,,,,
,,,,,,,,,,,,,,,,,
,,,,,,,,,,,,,,,,,
,,,,,,,,,,,,,,,,,
,,,,,,,,,,,,,,,,,
,,,,,,,,,,,,,,,,,
,,,,,,,,,,,,,,,,,
,,,,,,,,,,,,,,,,,
,,,,,,,,,,,,,,,,,
,,,,,,,,,,,,,,,,,
,,,,,,,,,,,,,,,,,
,,,,,,,,,,,,,,,,,
,,,,,,,,,,,,,,,,,
,,,,,,,,,,,,,,,,,
,,,,,,,,,,,,,,,,,
,,,,,,,,,,,,,,,,,
,,,,,,,,,,,,,,,,,
,,,,,,,,,,,,,,,,,
,,,,,,,,,,,,,,,,,
,,,,,,,,,,,,,,,,,
,,,,,,,,,,,,,,,,,
,,,,,,,,,,,,,,,,,
,,,,,,,,,,,,,,,,,
,,,,,,,,,,,,,,,,,
,,,,,,,,,,,,,,,,,
,,,,,,,,,,,,,,,,,
,,,,,,,,,,,,,,,,,
,,,,,,,,,,,,,,,,,
,,,,,,,,,,,,,,,,,
,,,,,,,,,,,,,,,,,
,,,,,,,,,,,,,,,,,
,,,,,,,,,,,,,,,,,
,,,,,,,,,,,,,,,,,
,,,,,,,,,,,,,,,,,
,,,,,,,,,,,,,,,,,
,,,,,,,,,,,,,,,,,
,,,,,,,,,,,,,,,,,
,,,,,,,,,,,,,,,,,
,,,,,,,,,,,,,,,,,
,,,,,,,,,,,,,,,,,
,,,,,,,,,,,,,,,,,
,,,,,,,,,,,,,,,,,
,,,,,,,,,,,,,,,,,
,,,,,,,,,,,,,,,,,
,,,,,,,,,,,,,,,,,
,,,,,,,,,,,,,,,,,
,,,,,,,,,,,,,,,,,
,,,,,,,,,,,,,,,,,
,,,,,,,,,,,,,,,,,
,,,,,,,,,,,,,,,,,
,,,,,,,,,,,,,,,,,
,,,,,,,,,,,,,,,,,
,,,,,,,,,,,,,,,,,
,,,,,,,,,,,,,,,,,
,,,,,,,,,,,,,,,,,
,,,,,,,,,,,,,,,,,
,,,,,,,,,,,,,,,,,
,,,,,,,,,,,,,,,,,
,,,,,,,,,,,,,,,,,
,,,,,,,,,,,,,,,,,
,,,,,,,,,,,,,,,,,
,,,,,,,,,,,,,,,,,
,,,,,,,,,,,,,,,,,
,,,,,,,,,,,,,,,,,
,,,,,,,,,,,,,,,,,
,,,,,,,,,,,,,,,,,
,,,,,,,,,,,,,,,,,
,,,,,,,,,,,,,,,,,
,,,,,,,,,,,,,,,,,
,,,,,,,,,,,,,,,,,
,,,,,,,,,,,,,,,,,
,,,,,,,,,,,,,,,,,
,,,,,,,,,,,,,,,,,
,,,,,,,,,,,,,,,,,
,,,,,,,,,,,,,,,,,
,,,,,,,,,,,,,,,,,
,,,,,,,,,,,,,,,,,
,,,,,,,,,,,,,,,,,
,,,,,,,,,,,,,,,,,
,,,,,,,,,,,,,,,,,
,,,,,,,,,,,,,,,,,
,,,,,,,,,,,,,,,,,
,,,,,,,,,,,,,,,,,
,,,,,,,,,,,,,,,,,
,,,,,,,,,,,,,,,,,
,,,,,,,,,,,,,,,,,
,,,,,,,,,,,,,,,,,
,,,,,,,,,,,,,,,,,
,,,,,,,,,,,,,,,,,
,,,,,,,,,,,,,,,,,
,,,,,,,,,,,,,,,,,
,,,,,,,,,,,,,,,,,
,,,,,,,,,,,,,,,,,
,,,,,,,,,,,,,,,,,
,,,,,,,,,,,,,,,,,
,,,,,,,,,,,,,,,,,
,,,,,,,,,,,,,,,,,
,,,,,,,,,,,,,,,,,
,,,,,,,,,,,,,,,,,
,,,,,,,,,,,,,,,,,
,,,,,,,,,,,,,,,,,
,,,,,,,,,,,,,,,,,
,,,,,,,,,,,,,,,,,
,,,,,,,,,,,,,,,,,
,,,,,,,,,,,,,,,,,
,,,,,,,,,,,,,,,,,
,,,,,,,,,,,,,,,,,
,,,,,,,,,,,,,,,,,
,,,,,,,,,,,,,,,,,
,,,,,,,,,,,,,,,,,
,,,,,,,,,,,,,,,,,
,,,,,,,,,,,,,,,,,
,,,,,,,,,,,,,,,,,
,,,,,,,,,,,,,,,,,
,,,,,,,,,,,,,,,,,
,,,,,,,,,,,,,,,,,
,,,,,,,,,,,,,,,,,
,,,,,,,,,,,,,,,,,
,,,,,,,,,,,,,,,,,
,,,,,,,,,,,,,,,,,
,,,,,,,,,,,,,,,,,
,,,,,,,,,,,,,,,,,
,,,,,,,,,,,,,,,,,
,,,,,,,,,,,,,,,,,
,,,,,,,,,,,,,,,,,
,,,,,,,,,,,,,,,,,
,,,,,,,,,,,,,,,,,
,,,,,,,,,,,,,,,,,
,,,,,,,,,,,,,,,,,
,,,,,,,,,,,,,,,,,
,,,,,,,,,,,,,,,,,
,,,,,,,,,,,,,,,,,
,,,,,,,,,,,,,,,,,
,,,,,,,,,,,,,,,,,
,,,,,,,,,,,,,,,,,
,,,,,,,,,,,,,,,,,
,,,,,,,,,,,,,,,,,
,,,,,,,,,,,,,,,,,
,,,,,,,,,,,,,,,,,
,,,,,,,,,,,,,,,,,
,,,,,,,,,,,,,,,,,
,,,,,,,,,,,,,,,,,
,,,,,,,,,,,,,,,,,
,,,,,,,,,,,,,,,,,
,,,,,,,,,,,,,,,,,
,,,,,,,,,,,,,,,,,
,,,,,,,,,,,,,,,,,
,,,,,,,,,,,,,,,,,
,,,,,,,,,,,,,,,,,
,,,,,,,,,,,,,,,,,
,,,,,,,,,,,,,,,,,
,,,,,,,,,,,,,,,,,
,,,,,,,,,,,,,,,,,
,,,,,,,,,,,,,,,,,
,,,,,,,,,,,,,,,,,
,,,,,,,,,,,,,,,,,
,,,,,,,,,,,,,,,,,
,,,,,,,,,,,,,,,,,
,,,,,,,,,,,,,,,,,
,,,,,,,,,,,,,,,,,
,,,,,,,,,,,,,,,,,
,,,,,,,,,,,,,,,,,
,,,,,,,,,,,,,,,,,
,,,,,,,,,,,,,,,,,
,,,,,,,,,,,,,,,,,
,,,,,,,,,,,,,,,,,
,,,,,,,,,,,,,,,,,
,,,,,,,,,,,,,,,,,
,,,,,,,,,,,,,,,,,
,,,,,,,,,,,,,,,,,
,,,,,,,,,,,,,,,,,
,,,,,,,,,,,,,,,,,
,,,,,,,,,,,,,,,,,
,,,,,,,,,,,,,,,,,
,,,,,,,,,,,,,,,,,
,,,,,,,,,,,,,,,,,
,,,,,,,,,,,,,,,,,
,,,,,,,,,,,,,,,,,
,,,,,,,,,,,,,,,,,
,,,,,,,,,,,,,,,,,
,,,,,,,,,,,,,,,,,
,,,,,,,,,,,,,,,,,
,,,,,,,,,,,,,,,,,
,,,,,,,,,,,,,,,,,
,,,,,,,,,,,,,,,,,
,,,,,,,,,,,,,,,,,
,,,,,,,,,,,,,,,,,
,,,,,,,,,,,,,,,,,
,,,,,,,,,,,,,,,,,
,,,,,,,,,,,,,,,,,
,,,,,,,,,,,,,,,,,
,,,,,,,,,,,,,,,,,
,,,,,,,,,,,,,,,,,
,,,,,,,,,,,,,,,,,
,,,,,,,,,,,,,,,,,
,,,,,,,,,,,,,,,,,
,,,,,,,,,,,,,,,,,
,,,,,,,,,,,,,,,,,
,,,,,,,,,,,,,,,,,
,,,,,,,,,,,,,,,,,
,,,,,,,,,,,,,,,,,
,,,,,,,,,,,,,,,,,
,,,,,,,,,,,,,,,,,
,,,,,,,,,,,,,,,,,
,,,,,,,,,,,,,,,,,
,,,,,,,,,,,,,,,,,
,,,,,,,,,,,,,,,,,
,,,,,,,,,,,,,,,,,
,,,,,,,,,,,,,,,,,
,,,,,,,,,,,,,,,,,
,,,,,,,,,,,,,,,,,
,,,,,,,,,,,,,,,,,
,,,,,,,,,,,,,,,,,
,,,,,,,,,,,,,,,,,
,,,,,,,,,,,,,,,,,
,,,,,,,,,,,,,,,,,
,,,,,,,,,,,,,,,,,
,,,,,,,,,,,,,,,,,
,,,,,,,,,,,,,,,,,
,,,,,,,,,,,,,,,,,
,,,,,,,,,,,,,,,,,
,,,,,,,,,,,,,,,,,
,,,,,,,,,,,,,,,,,
,,,,,,,,,,,,,,,,,
,,,,,,,,,,,,,,,,,
,,,,,,,,,,,,,,,,,
,,,,,,,,,,,,,,,,,
,,,,,,,,,,,,,,,,,
,,,,,,,,,,,,,,,,,
,,,,,,,,,,,,,,,,,
,,,,,,,,,,,,,,,,,
,,,,,,,,,,,,,,,,,
,,,,,,,,,,,,,,,,,
,,,,,,,,,,,,,,,,,
,,,,,,,,,,,,,,,,,
,,,,,,,,,,,,,,,,,
,,,,,,,,,,,,,,,,,
,,,,,,,,,,,,,,,,,
,,,,,,,,,,,,,,,,,
,,,,,,,,,,,,,,,,,
,,,,,,,,,,,,,,,,,
,,,,,,,,,,,,,,,,,
,,,,,,,,,,,,,,,,,
,,,,,,,,,,,,,,,,,
,,,,,,,,,,,,,,,,,
,,,,,,,,,,,,,,,,,
,,,,,,,,,,,,,,,,,
,,,,,,,,,,,,,,,,,
,,,,,,,,,,,,,,,,,
,,,,,,,,,,,,,,,,,
,,,,,,,,,,,,,,,,,
,,,,,,,,,,,,,,,,,
,,,,,,,,,,,,,,,,,
,,,,,,,,,,,,,,,,,
,,,,,,,,,,,,,,,,,
,,,,,,,,,,,,,,,,,
,,,,,,,,,,,,,,,,,
,,,,,,,,,,,,,,,,,
,,,,,,,,,,,,,,,,,
,,,,,,,,,,,,,,,,,
,,,,,,,,,,,,,,,,,
,,,,,,,,,,,,,,,,,
,,,,,,,,,,,,,,,,,
,,,,,,,,,,,,,,,,,
,,,,,,,,,,,,,,,,,
,,,,,,,,,,,,,,,,,
,,,,,,,,,,,,,,,,,
,,,,,,,,,,,,,,,,,
,,,,,,,,,,,,,,,,,
,,,,,,,,,,,,,,,,,
,,,,,,,,,,,,,,,,,
,,,,,,,,,,,,,,,,,
,,,,,,,,,,,,,,,,,
,,,,,,,,,,,,,,,,,
,,,,,,,,,,,,,,,,,
,,,,,,,,,,,,,,,,,
,,,,,,,,,,,,,,,,,
,,,,,,,,,,,,,,,,,
,,,,,,,,,,,,,,,,,
,,,,,,,,,,,,,,,,,
,,,,,,,,,,,,,,,,,
,,,,,,,,,,,,,,,,,
,,,,,,,,,,,,,,,,,
,,,,,,,,,,,,,,,,,
,,,,,,,,,,,,,,,,,
,,,,,,,,,,,,,,,,,
,,,,,,,,,,,,,,,,,
,,,,,,,,,,,,,,,,,
,,,,,,,,,,,,,,,,,
,,,,,,,,,,,,,,,,,
,,,,,,,,,,,,,,,,,
,,,,,,,,,,,,,,,,,
,,,,,,,,,,,,,,,,,
,,,,,,,,,,,,,,,,,
,,,,,,,,,,,,,,,,,
,,,,,,,,,,,,,,,,,
,,,,,,,,,,,,,,,,,
,,,,,,,,,,,,,,,,,
,,,,,,,,,,,,,,,,,
,,,,,,,,,,,,,,,,,
,,,,,,,,,,,,,,,,,
,,,,,,,,,,,,,,,,,
,,,,,,,,,,,,,,,,,
,,,,,,,,,,,,,,,,,
,,,,,,,,,,,,,,,,,
,,,,,,,,,,,,,,,,,
,,,,,,,,,,,,,,,,,
,,,,,,,,,,,,,,,,,
,,,,,,,,,,,,,,,,,
,,,,,,,,,,,,,,,,,
,,,,,,,,,,,,,,,,,
,,,,,,,,,,,,,,,,,
,,,,,,,,,,,,,,,,,
,,,,,,,,,,,,,,,,,
,,,,,,,,,,,,,,,,,
,,,,,,,,,,,,,,,,,
,,,,,,,,,,,,,,,,,
,,,,,,,,,,,,,,,,,
,,,,,,,,,,,,,,,,,
,,,,,,,,,,,,,,,,,
,,,,,,,,,,,,,,,,,
,,,,,,,,,,,,,,,,,
,,,,,,,,,,,,,,,,,
,,,,,,,,,,,,,,,,,
,,,,,,,,,,,,,,,,,
,,,,,,,,,,,,,,,,,
,,,,,,,,,,,,,,,,,
,,,,,,,,,,,,,,,,,
,,,,,,,,,,,,,,,,,
,,,,,,,,,,,,,,,,,
,,,,,,,,,,,,,,,,,
,,,,,,,,,,,,,,,,,
,,,,,,,,,,,,,,,,,
,,,,,,,,,,,,,,,,,
,,,,,,,,,,,,,,,,,
,,,,,,,,,,,,,,,,,
,,,,,,,,,,,,,,,,,
,,,,,,,,,,,,,,,,,
,,,,,,,,,,,,,,,,,
,,,,,,,,,,,,,,,,,
,,,,,,,,,,,,,,,,,
,,,,,,,,,,,,,,,,,
,,,,,,,,,,,,,,,,,
,,,,,,,,,,,,,,,,,
,,,,,,,,,,,,,,,,,
,,,,,,,,,,,,,,,,,
,,,,,,,,,,,,,,,,,
,,,,,,,,,,,,,,,,,
,,,,,,,,,,,,,,,,,
,,,,,,,,,,,,,,,,,
,,,,,,,,,,,,,,,,,
,,,,,,,,,,,,,,,,,
,,,,,,,,,,,,,,,,,
,,,,,,,,,,,,,,,,,
,,,,,,,,,,,,,,,,,
,,,,,,,,,,,,,,,,,
,,,,,,,,,,,,,,,,,
,,,,,,,,,,,,,,,,,
,,,,,,,,,,,,,,,,,
,,,,,,,,,,,,,,,,,
,,,,,,,,,,,,,,,,,
,,,,,,,,,,,,,,,,,
,,,,,,,,,,,,,,,,,
,,,,,,,,,,,,,,,,,
,,,,,,,,,,,,,,,,,
,,,,,,,,,,,,,,,,,
,,,,,,,,,,,,,,,,,
,,,,,,,,,,,,,,,,,
,,,,,,,,,,,,,,,,,
,,,,,,,,,,,,,,,,,
,,,,,,,,,,,,,,,,,
,,,,,,,,,,,,,,,,,
,,,,,,,,,,,,,,,,,
,,,,,,,,,,,,,,,,,
,,,,,,,,,,,,,,,,,
,,,,,,,,,,,,,,,,,
,,,,,,,,,,,,,,,,,
,,,,,,,,,,,,,,,,,
,,,,,,,,,,,,,,,,,
,,,,,,,,,,,,,,,,,
,,,,,,,,,,,,,,,,,
,,,,,,,,,,,,,,,,,
,,,,,,,,,,,,,,,,,
,,,,,,,,,,,,,,,,,
,,,,,,,,,,,,,,,,,
,,,,,,,,,,,,,,,,,
,,,,,,,,,,,,,,,,,
,,,,,,,,,,,,,,,,,
,,,,,,,,,,,,,,,,,
,,,,,,,,,,,,,,,,,
,,,,,,,,,,,,,,,,,
,,,,,,,,,,,,,,,,,
,,,,,,,,,,,,,,,,,
,,,,,,,,,,,,,,,,,
,,,,,,,,,,,,,,,,,
,,,,,,,,,,,,,,,,,
,,,,,,,,,,,,,,,,,
,,,,,,,,,,,,,,,,,
,,,,,,,,,,,,,,,,,
,,,,,,,,,,,,,,,,,
,,,,,,,,,,,,,,,,,
,,,,,,,,,,,,,,,,,
,,,,,,,,,,,,,,,,,
,,,,,,,,,,,,,,,,,
,,,,,,,,,,,,,,,,,
,,,,,,,,,,,,,,,,,
,,,,,,,,,,,,,,,,,
,,,,,,,,,,,,,,,,,
,,,,,,,,,,,,,,,,,
,,,,,,,,,,,,,,,,,
,,,,,,,,,,,,,,,,,
,,,,,,,,,,,,,,,,,
,,,,,,,,,,,,,,,,,
,,,,,,,,,,,,,,,,,
,,,,,,,,,,,,,,,,,
,,,,,,,,,,,,,,,,,
,,,,,,,,,,,,,,,,,
,,,,,,,,,,,,,,,,,
,,,,,,,,,,,,,,,,,
,,,,,,,,,,,,,,,,,
,,,,,,,,,,,,,,,,,
,,,,,,,,,,,,,,,,,
,,,,,,,,,,,,,,,,,
,,,,,,,,,,,,,,,,,
,,,,,,,,,,,,,,,,,
,,,,,,,,,,,,,,,,,
,,,,,,,,,,,,,,,,,
,,,,,,,,,,,,,,,,,
,,,,,,,,,,,,,,,,,
,,,,,,,,,,,,,,,,,
,,,,,,,,,,,,,,,,,
,,,,,,,,,,,,,,,,,
,,,,,,,,,,,,,,,,,
,,,,,,,,,,,,,,,,,
,,,,,,,,,,,,,,,,,
,,,,,,,,,,,,,,,,,
,,,,,,,,,,,,,,,,,
,,,,,,,,,,,,,,,,,
,,,,,,,,,,,,,,,,,
,,,,,,,,,,,,,,,,,
,,,,,,,,,,,,,,,,,
,,,,,,,,,,,,,,,,,
,,,,,,,,,,,,,,,,,
,,,,,,,,,,,,,,,,,
,,,,,,,,,,,,,,,,,
,,,,,,,,,,,,,,,,,
,,,,,,,,,,,,,,,,,
,,,,,,,,,,,,,,,,,
,,,,,,,,,,,,,,,,,
,,,,,,,,,,,,,,,,,
,,,,,,,,,,,,,,,,,
,,,,,,,,,,,,,,,,,
,,,,,,,,,,,,,,,,,
,,,,,,,,,,,,,,,,,
,,,,,,,,,,,,,,,,,
,,,,,,,,,,,,,,,,,
,,,,,,,,,,,,,,,,,
,,,,,,,,,,,,,,,,,
,,,,,,,,,,,,,,,,,
,,,,,,,,,,,,,,,,,
,,,,,,,,,,,,,,,,,
,,,,,,,,,,,,,,,,,
,,,,,,,,,,,,,,,,,
,,,,,,,,,,,,,,,,,
,,,,,,,,,,,,,,,,,
,,,,,,,,,,,,,,,,,
,,,,,,,,,,,,,,,,,
,,,,,,,,,,,,,,,,,
,,,,,,,,,,,,,,,,,
,,,,,,,,,,,,,,,,,
,,,,,,,,,,,,,,,,,
,,,,,,,,,,,,,,,,,
,,,,,,,,,,,,,,,,,
,,,,,,,,,,,,,,,,,
,,,,,,,,,,,,,,,,,
,,,,,,,,,,,,,,,,,
,,,,,,,,,,,,,,,,,
,,,,,,,,,,,,,,,,,
,,,,,,,,,,,,,,,,,
,,,,,,,,,,,,,,,,,
,,,,,,,,,,,,,,,,,
,,,,,,,,,,,,,,,,,
,,,,,,,,,,,,,,,,,
,,,,,,,,,,,,,,,,,
,,,,,,,,,,,,,,,,,
,,,,,,,,,,,,,,,,,
,,,,,,,,,,,,,,,,,
,,,,,,,,,,,,,,,,,
,,,,,,,,,,,,,,,,,
,,,,,,,,,,,,,,,,,
,,,,,,,,,,,,,,,,,
,,,,,,,,,,,,,,,,,
,,,,,,,,,,,,,,,,,
,,,,,,,,,,,,,,,,,
,,,,,,,,,,,,,,,,,
,,,,,,,,,,,,,,,,,
,,,,,,,,,,,,,,,,,
,,,,,,,,,,,,,,,,,
,,,,,,,,,,,,,,,,,
,,,,,,,,,,,,,,,,,
,,,,,,,,,,,,,,,,,
,,,,,,,,,,,,,,,,,
,,,,,,,,,,,,,,,,,
,,,,,,,,,,,,,,,,,
,,,,,,,,,,,,,,,,,
,,,,,,,,,,,,,,,,,
,,,,,,,,,,,,,,,,,
,,,,,,,,,,,,,,,,,
,,,,,,,,,,,,,,,,,
,,,,,,,,,,,,,,,,,
,,,,,,,,,,,,,,,,,
,,,,,,,,,,,,,,,,,
,,,,,,,,,,,,,,,,,
,,,,,,,,,,,,,,,,,
,,,,,,,,,,,,,,,,,
,,,,,,,,,,,,,,,,,
,,,,,,,,,,,,,,,,,
,,,,,,,,,,,,,,,,,
,,,,,,,,,,,,,,,,,
,,,,,,,,,,,,,,,,,
,,,,,,,,,,,,,,,,,
,,,,,,,,,,,,,,,,,
,,,,,,,,,,,,,,,,,
,,,,,,,,,,,,,,,,,
,,,,,,,,,,,,,,,,,
,,,,,,,,,,,,,,,,,
,,,,,,,,,,,,,,,,,
,,,,,,,,,,,,,,,,,
,,,,,,,,,,,,,,,,,
,,,,,,,,,,,,,,,,,
,,,,,,,,,,,,,,,,,
,,,,,,,,,,,,,,,,,
,,,,,,,,,,,,,,,,,
,,,,,,,,,,,,,,,,,
,,,,,,,,,,,,,,,,,
,,,,,,,,,,,,,,,,,
,,,,,,,,,,,,,,,,,
,,,,,,,,,,,,,,,,,
,,,,,,,,,,,,,,,,,
,,,,,,,,,,,,,,,,,
,,,,,,,,,,,,,,,,,
,,,,,,,,,,,,,,,,,
,,,,,,,,,,,,,,,,,
,,,,,,,,,,,,,,,,,
,,,,,,,,,,,,,,,,,
,,,,,,,,,,,,,,,,,
,,,,,,,,,,,,,,,,,
,,,,,,,,,,,,,,,,,
,,,,,,,,,,,,,,,,,
,,,,,,,,,,,,,,,,,
,,,,,,,,,,,,,,,,,
,,,,,,,,,,,,,,,,,
,,,,,,,,,,,,,,,,,
,,,,,,,,,,,,,,,,,
,,,,,,,,,,,,,,,,,
,,,,,,,,,,,,,,,,,
,,,,,,,,,,,,,,,,,
,,,,,,,,,,,,,,,,,
,,,,,,,,,,,,,,,,,
,,,,,,,,,,,,,,,,,
,,,,,,,,,,,,,,,,,
,,,,,,,,,,,,,,,,,
,,,,,,,,,,,,,,,,,
,,,,,,,,,,,,,,,,,
,,,,,,,,,,,,,,,,,
,,,,,,,,,,,,,,,,,
,,,,,,,,,,,,,,,,,
,,,,,,,,,,,,,,,,,
,,,,,,,,,,,,,,,,,
,,,,,,,,,,,,,,,,,
,,,,,,,,,,,,,,,,,
,,,,,,,,,,,,,,,,,
,,,,,,,,,,,,,,,,,
,,,,,,,,,,,,,,,,,
,,,,,,,,,,,,,,,,,
,,,,,,,,,,,,,,,,,
,,,,,,,,,,,,,,,,,
,,,,,,,,,,,,,,,,,
,,,,,,,,,,,,,,,,,
,,,,,,,,,,,,,,,,,
,,,,,,,,,,,,,,,,,
,,,,,,,,,,,,,,,,,
,,,,,,,,,,,,,,,,,
,,,,,,,,,,,,,,,,,
,,,,,,,,,,,,,,,,,
,,,,,,,,,,,,,,,,,
,,,,,,,,,,,,,,,,,
,,,,,,,,,,,,,,,,,
,,,,,,,,,,,,,,,,,
,,,,,,,,,,,,,,,,,
,,,,,,,,,,,,,,,,,
,,,,,,,,,,,,,,,,,
,,,,,,,,,,,,,,,,,
,,,,,,,,,,,,,,,,,
,,,,,,,,,,,,,,,,,
,,,,,,,,,,,,,,,,,
,,,,,,,,,,,,,,,,,
,,,,,,,,,,,,,,,,,
,,,,,,,,,,,,,,,,,
,,,,,,,,,,,,,,,,,
,,,,,,,,,,,,,,,,,
,,,,,,,,,,,,,,,,,
,,,,,,,,,,,,,,,,,
,,,,,,,,,,,,,,,,,
,,,,,,,,,,,,,,,,,
,,,,,,,,,,,,,,,,,
,,,,,,,,,,,,,,,,,
,,,,,,,,,,,,,,,,,
,,,,,,,,,,,,,,,,,
,,,,,,,,,,,,,,,,,
,,,,,,,,,,,,,,,,,
,,,,,,,,,,,,,,,,,
,,,,,,,,,,,,,,,,,
,,,,,,,,,,,,,,,,,
,,,,,,,,,,,,,,,,,
,,,,,,,,,,,,,,,,,
,,,,,,,,,,,,,,,,,
,,,,,,,,,,,,,,,,,
,,,,,,,,,,,,,,,,,
,,,,,,,,,,,,,,,,,
,,,,,,,,,,,,,,,,,
,,,,,,,,,,,,,,,,,
,,,,,,,,,,,,,,,,,
,,,,,,,,,,,,,,,,,
,,,,,,,,,,,,,,,,,
,,,,,,,,,,,,,,,,,
,,,,,,,,,,,,,,,,,
,,,,,,,,,,,,,,,,,
,,,,,,,,,,,,,,,,,
,,,,,,,,,,,,,,,,,
,,,,,,,,,,,,,,,,,
,,,,,,,,,,,,,,,,,
,,,,,,,,,,,,,,,,,
,,,,,,,,,,,,,,,,,
,,,,,,,,,,,,,,,,,
,,,,,,,,,,,,,,,,,
,,,,,,,,,,,,,,,,,
,,,,,,,,,,,,,,,,,
,,,,,,,,,,,,,,,,,
,,,,,,,,,,,,,,,,,
,,,,,,,,,,,,,,,,,
,,,,,,,,,,,,,,,,,
,,,,,,,,,,,,,,,,,
,,,,,,,,,,,,,,,,,
,,,,,,,,,,,,,,,,,
,,,,,,,,,,,,,,,,,
,,,,,,,,,,,,,,,,,
,,,,,,,,,,,,,,,,,
,,,,,,,,,,,,,,,,,
,,,,,,,,,,,,,,,,,
,,,,,,,,,,,,,,,,,
,,,,,,,,,,,,,,,,,
,,,,,,,,,,,,,,,,,
,,,,,,,,,,,,,,,,,
,,,,,,,,,,,,,,,,,
,,,,,,,,,,,,,,,,,
,,,,,,,,,,,,,,,,,
,,,,,,,,,,,,,,,,,
,,,,,,,,,,,,,,,,,
,,,,,,,,,,,,,,,,,
,,,,,,,,,,,,,,,,,
,,,,,,,,,,,,,,,,,
,,,,,,,,,,,,,,,,,
,,,,,,,,,,,,,,,,,
,,,,,,,,,,,,,,,,,
,,,,,,,,,,,,,,,,,
,,,,,,,,,,,,,,,,,
,,,,,,,,,,,,,,,,,
,,,,,,,,,,,,,,,,,
,,,,,,,,,,,,,,,,,
,,,,,,,,,,,,,,,,,
,,,,,,,,,,,,,,,,,
,,,,,,,,,,,,,,,,,
,,,,,,,,,,,,,,,,,
,,,,,,,,,,,,,,,,,
,,,,,,,,,,,,,,,,,
,,,,,,,,,,,,,,,,,
,,,,,,,,,,,,,,,,,
,,,,,,,,,,,,,,,,,
,,,,,,,,,,,,,,,,,
,,,,,,,,,,,,,,,,,
,,,,,,,,,,,,,,,,,
,,,,,,,,,,,,,,,,,
,,,,,,,,,,,,,,,,,
,,,,,,,,,,,,,,,,,
,,,,,,,,,,,,,,,,,
,,,,,,,,,,,,,,,,,
,,,,,,,,,,,,,,,,,
,,,,,,,,,,,,,,,,,
,,,,,,,,,,,,,,,,,
,,,,,,,,,,,,,,,,,
,,,,,,,,,,,,,,,,,
,,,,,,,,,,,,,,,,,
,,,,,,,,,,,,,,,,,
,,,,,,,,,,,,,,,,,
,,,,,,,,,,,,,,,,,
,,,,,,,,,,,,,,,,,
,,,,,,,,,,,,,,,,,
,,,,,,,,,,,,,,,,,
,,,,,,,,,,,,,,,,,
,,,,,,,,,,,,,,,,,
,,,,,,,,,,,,,,,,,
,,,,,,,,,,,,,,,,,
,,,,,,,,,,,,,,,,,
,,,,,,,,,,,,,,,,,
,,,,,,,,,,,,,,,,,
,,,,,,,,,,,,,,,,,
,,,,,,,,,,,,,,,,,
,,,,,,,,,,,,,,,,,
,,,,,,,,,,,,,,,,,
,,,,,,,,,,,,,,,,,
,,,,,,,,,,,,,,,,,
,,,,,,,,,,,,,,,,,
,,,,,,,,,,,,,,,,,
,,,,,,,,,,,,,,,,,
,,,,,,,,,,,,,,,,,
,,,,,,,,,,,,,,,,,
,,,,,,,,,,,,,,,,,
,,,,,,,,,,,,,,,,,
,,,,,,,,,,,,,,,,,
,,,,,,,,,,,,,,,,,
,,,,,,,,,,,,,,,,,
,,,,,,,,,,,,,,,,,
,,,,,,,,,,,,,,,,,
,,,,,,,,,,,,,,,,,
,,,,,,,,,,,,,,,,,
,,,,,,,,,,,,,,,,,
,,,,,,,,,,,,,,,,,
,,,,,,,,,,,,,,,,,
,,,,,,,,,,,,,,,,,
,,,,,,,,,,,,,,,,,
,,,,,,,,,,,,,,,,,
,,,,,,,,,,,,,,,,,
,,,,,,,,,,,,,,,,,
,,,,,,,,,,,,,,,,,
,,,,,,,,,,,,,,,,,
,,,,,,,,,,,,,,,,,
,,,,,,,,,,,,,,,,,
,,,,,,,,,,,,,,,,,
,,,,,,,,,,,,,,,,,
,,,,,,,,,,,,,,,,,
,,,,,,,,,,,,,,,,,
,,,,,,,,,,,,,,,,,
,,,,,,,,,,,,,,,,,
,,,,,,,,,,,,,,,,,
,,,,,,,,,,,,,,,,,
,,,,,,,,,,,,,,,,,
,,,,,,,,,,,,,,,,,
,,,,,,,,,,,,,,,,,
,,,,,,,,,,,,,,,,,
,,,,,,,,,,,,,,,,,
,,,,,,,,,,,,,,,,,
,,,,,,,,,,,,,,,,,
,,,,,,,,,,,,,,,,,
,,,,,,,,,,,,,,,,,
,,,,,,,,,,,,,,,,,
,,,,,,,,,,,,,,,,,
,,,,,,,,,,,,,,,,,
,,,,,,,,,,,,,,,,,
,,,,,,,,,,,,,,,,,
,,,,,,,,,,,,,,,,,
,,,,,,,,,,,,,,,,,
,,,,,,,,,,,,,,,,,
,,,,,,,,,,,,,,,,,
,,,,,,,,,,,,,,,,,
,,,,,,,,,,,,,,,,,
,,,,,,,,,,,,,,,,,
,,,,,,,,,,,,,,,,,
,,,,,,,,,,,,,,,,,
,,,,,,,,,,,,,,,,,
,,,,,,,,,,,,,,,,,
,,,,,,,,,,,,,,,,,
,,,,,,,,,,,,,,,,,
,,,,,,,,,,,,,,,,,
,,,,,,,,,,,,,,,,,
,,,,,,,,,,,,,,,,,
,,,,,,,,,,,,,,,,,
,,,,,,,,,,,,,,,,,
,,,,,,,,,,,,,,,,,
,,,,,,,,,,,,,,,,,
,,,,,,,,,,,,,,,,,
,,,,,,,,,,,,,,,,,
,,,,,,,,,,,,,,,,,
,,,,,,,,,,,,,,,,,
,,,,,,,,,,,,,,,,,
,,,,,,,,,,,,,,,,,
,,,,,,,,,,,,,,,,,
,,,,,,,,,,,,,,,,,
,,,,,,,,,,,,,,,,,
,,,,,,,,,,,,,,,,,
,,,,,,,,,,,,,,,,,
,,,,,,,,,,,,,,,,,
,,,,,,,,,,,,,,,,,
,,,,,,,,,,,,,,,,,
,,,,,,,,,,,,,,,,,
,,,,,,,,,,,,,,,,,
,,,,,,,,,,,,,,,,,
,,,,,,,,,,,,,,,,,
,,,,,,,,,,,,,,,,,
,,,,,,,,,,,,,,,,,
,,,,,,,,,,,,,,,,,
,,,,,,,,,,,,,,,,,
,,,,,,,,,,,,,,,,,
,,,,,,,,,,,,,,,,,
,,,,,,,,,,,,,,,,,
,,,,,,,,,,,,,,,,,
,,,,,,,,,,,,,,,,,
,,,,,,,,,,,,,,,,,
,,,,,,,,,,,,,,,,,
,,,,,,,,,,,,,,,,,
,,,,,,,,,,,,,,,,,
,,,,,,,,,,,,,,,,,
,,,,,,,,,,,,,,,,,
,,,,,,,,,,,,,,,,,
,,,,,,,,,,,,,,,,,
,,,,,,,,,,,,,,,,,
,,,,,,,,,,,,,,,,,
,,,,,,,,,,,,,,,,,
,,,,,,,,,,,,,,,,,
,,,,,,,,,,,,,,,,,
,,,,,,,,,,,,,,,,,
,,,,,,,,,,,,,,,,,
,,,,,,,,,,,,,,,,,
,,,,,,,,,,,,,,,,,
,,,,,,,,,,,,,,,,,
,,,,,,,,,,,,,,,,,
,,,,,,,,,,,,,,,,,
,,,,,,,,,,,,,,,,,
,,,,,,,,,,,,,,,,,
,,,,,,,,,,,,,,,,,
,,,,,,,,,,,,,,,,,
,,,,,,,,,,,,,,,,,
,,,,,,,,,,,,,,,,,
,,,,,,,,,,,,,,,,,
,,,,,,,,,,,,,,,,,
,,,,,,,,,,,,,,,,,
,,,,,,,,,,,,,,,,,
,,,,,,,,,,,,,,,,,
,,,,,,,,,,,,,,,,,
,,,,,,,,,,,,,,,,,
,,,,,,,,,,,,,,,,,
,,,,,,,,,,,,,,,,,
,,,,,,,,,,,,,,,,,
,,,,,,,,,,,,,,,,,
,,,,,,,,,,,,,,,,,
,,,,,,,,,,,,,,,,,
,,,,,,,,,,,,,,,,,
,,,,,,,,,,,,,,,,,
,,,,,,,,,,,,,,,,,
,,,,,,,,,,,,,,,,,
,,,,,,,,,,,,,,,,,
,,,,,,,,,,,,,,,,,
,,,,,,,,,,,,,,,,,
,,,,,,,,,,,,,,,,,
,,,,,,,,,,,,,,,,,
,,,,,,,,,,,,,,,,,
,,,,,,,,,,,,,,,,,
,,,,,,,,,,,,,,,,,
,,,,,,,,,,,,,,,,,
,,,,,,,,,,,,,,,,,
,,,,,,,,,,,,,,,,,
,,,,,,,,,,,,,,,,,
,,,,,,,,,,,,,,,,,
,,,,,,,,,,,,,,,,,
,,,,,,,,,,,,,,,,,
,,,,,,,,,,,,,,,,,
,,,,,,,,,,,,,,,,,
,,,,,,,,,,,,,,,,,
,,,,,,,,,,,,,,,,,
,,,,,,,,,,,,,,,,,
,,,,,,,,,,,,,,,,,
,,,,,,,,,,,,,,,,,
,,,,,,,,,,,,,,,,,
,,,,,,,,,,,,,,,,,
,,,,,,,,,,,,,,,,,
,,,,,,,,,,,,,,,,,
,,,,,,,,,,,,,,,,,
,,,,,,,,,,,,,,,,,
,,,,,,,,,,,,,,,,,
,,,,,,,,,,,,,,,,,
,,,,,,,,,,,,,,,,,
,,,,,,,,,,,,,,,,,
,,,,,,,,,,,,,,,,,
,,,,,,,,,,,,,,,,,
,,,,,,,,,,,,,,,,,
,,,,,,,,,,,,,,,,,
,,,,,,,,,,,,,,,,,
,,,,,,,,,,,,,,,,,
,,,,,,,,,,,,,,,,,
,,,,,,,,,,,,,,,,,
,,,,,,,,,,,,,,,,,
,,,,,,,,,,,,,,,,,
,,,,,,,,,,,,,,,,,
,,,,,,,,,,,,,,,,,
,,,,,,,,,,,,,,,,,
,,,,,,,,,,,,,,,,,
,,,,,,,,,,,,,,,,,
,,,,,,,,,,,,,,,,,
,,,,,,,,,,,,,,,,,
,,,,,,,,,,,,,,,,,
,,,,,,,,,,,,,,,,,
,,,,,,,,,,,,,,,,,
,,,,,,,,,,,,,,,,,
,,,,,,,,,,,,,,,,,
,,,,,,,,,,,,,,,,,
,,,,,,,,,,,,,,,,,
,,,,,,,,,,,,,,,,,
,,,,,,,,,,,,,,,,,
,,,,,,,,,,,,,,,,,
,,,,,,,,,,,,,,,,,
,,,,,,,,,,,,,,,,,
,,,,,,,,,,,,,,,,,
,,,,,,,,,,,,,,,,,
,,,,,,,,,,,,,,,,,
,,,,,,,,,,,,,,,,,
,,,,,,,,,,,,,,,,,
,,,,,,,,,,,,,,,,,
,,,,,,,,,,,,,,,,,
,,,,,,,,,,,,,,,,,
,,,,,,,,,,,,,,,,,
,,,,,,,,,,,,,,,,,
,,,,,,,,,,,,,,,,,
,,,,,,,,,,,,,,,,,
,,,,,,,,,,,,,,,,,
,,,,,,,,,,,,,,,,,
,,,,,,,,,,,,,,,,,
,,,,,,,,,,,,,,,,,
,,,,,,,,,,,,,,,,,
,,,,,,,,,,,,,,,,,
,,,,,,,,,,,,,,,,,
,,,,,,,,,,,,,,,,,
,,,,,,,,,,,,,,,,,
,,,,,,,,,,,,,,,,,
,,,,,,,,,,,,,,,,,
,,,,,,,,,,,,,,,,,
,,,,,,,,,,,,,,,,,
,,,,,,,,,,,,,,,,,
,,,,,,,,,,,,,,,,,
,,,,,,,,,,,,,,,,,
,,,,,,,,,,,,,,,,,
,,,,,,,,,,,,,,,,,
,,,,,,,,,,,,,,,,,
,,,,,,,,,,,,,,,,,
,,,,,,,,,,,,,,,,,
,,,,,,,,,,,,,,,,,
,,,,,,,,,,,,,,,,,
,,,,,,,,,,,,,,,,,
,,,,,,,,,,,,,,,,,
,,,,,,,,,,,,,,,,,
,,,,,,,,,,,,,,,,,
,,,,,,,,,,,,,,,,,
,,,,,,,,,,,,,,,,,
,,,,,,,,,,,,,,,,,
,,,,,,,,,,,,,,,,,
,,,,,,,,,,,,,,,,,
,,,,,,,,,,,,,,,,,
,,,,,,,,,,,,,,,,,
,,,,,,,,,,,,,,,,,
,,,,,,,,,,,,,,,,,
,,,,,,,,,,,,,,,,,
,,,,,,,,,,,,,,,,,
,,,,,,,,,,,,,,,,,
,,,,,,,,,,,,,,,,,
,,,,,,,,,,,,,,,,,
,,,,,,,,,,,,,,,,,
,,,,,,,,,,,,,,,,,
,,,,,,,,,,,,,,,,,
,,,,,,,,,,,,,,,,,
,,,,,,,,,,,,,,,,,
,,,,,,,,,,,,,,,,,
,,,,,,,,,,,,,,,,,
,,,,,,,,,,,,,,,,,
,,,,,,,,,,,,,,,,,
,,,,,,,,,,,,,,,,,
,,,,,,,,,,,,,,,,,
,,,,,,,,,,,,,,,,,
,,,,,,,,,,,,,,,,,
,,,,,,,,,,,,,,,,,
,,,,,,,,,,,,,,,,,
,,,,,,,,,,,,,,,,,
,,,,,,,,,,,,,,,,,
,,,,,,,,,,,,,,,,,
,,,,,,,,,,,,,,,,,
,,,,,,,,,,,,,,,,,
,,,,,,,,,,,,,,,,,
,,,,,,,,,,,,,,,,,
,,,,,,,,,,,,,,,,,
,,,,,,,,,,,,,,,,,
,,,,,,,,,,,,,,,,,
,,,,,,,,,,,,,,,,,
,,,,,,,,,,,,,,,,,
,,,,,,,,,,,,,,,,,
,,,,,,,,,,,,,,,,,
,,,,,,,,,,,,,,,,,
,,,,,,,,,,,,,,,,,
,,,,,,,,,,,,,,,,,
,,,,,,,,,,,,,,,,,
,,,,,,,,,,,,,,,,,
,,,,,,,,,,,,,,,,,
,,,,,,,,,,,,,,,,,
,,,,,,,,,,,,,,,,,
,,,,,,,,,,,,,,,,,
,,,,,,,,,,,,,,,,,
,,,,,,,,,,,,,,,,,
,,,,,,,,,,,,,,,,,
,,,,,,,,,,,,,,,,,
,,,,,,,,,,,,,,,,,
,,,,,,,,,,,,,,,,,
,,,,,,,,,,,,,,,,,
,,,,,,,,,,,,,,,,,
,,,,,,,,,,,,,,,,,
,,,,,,,,,,,,,,,,,
,,,,,,,,,,,,,,,,,
,,,,,,,,,,,,,,,,,
,,,,,,,,,,,,,,,,,
,,,,,,,,,,,,,,,,,
,,,,,,,,,,,,,,,,,
,,,,,,,,,,,,,,,,,
,,,,,,,,,,,,,,,,,
,,,,,,,,,,,,,,,,,
,,,,,,,,,,,,,,,,,
,,,,,,,,,,,,,,,,,
,,,,,,,,,,,,,,,,,
,,,,,,,,,,,,,,,,,
,,,,,,,,,,,,,,,,,
,,,,,,,,,,,,,,,,,
,,,,,,,,,,,,,,,,,
,,,,,,,,,,,,,,,,,
,,,,,,,,,,,,,,,,,
,,,,,,,,,,,,,,,,,
,,,,,,,,,,,,,,,,,
,,,,,,,,,,,,,,,,,
,,,,,,,,,,,,,,,,,
,,,,,,,,,,,,,,,,,
,,,,,,,,,,,,,,,,,
,,,,,,,,,,,,,,,,,
,,,,,,,,,,,,,,,,,
,,,,,,,,,,,,,,,,,
,,,,,,,,,,,,,,,,,
,,,,,,,,,,,,,,,,,
,,,,,,,,,,,,,,,,,
,,,,,,,,,,,,,,,,,
,,,,,,,,,,,,,,,,,
,,,,,,,,,,,,,,,,,
,,,,,,,,,,,,,,,,,
,,,,,,,,,,,,,,,,,
,,,,,,,,,,,,,,,,,
,,,,,,,,,,,,,,,,,
,,,,,,,,,,,,,,,,,
,,,,,,,,,,,,,,,,,
,,,,,,,,,,,,,,,,,
,,,,,,,,,,,,,,,,,
,,,,,,,,,,,,,,,,,
,,,,,,,,,,,,,,,,,
,,,,,,,,,,,,,,,,,
,,,,,,,,,,,,,,,,,
,,,,,,,,,,,,,,,,,
,,,,,,,,,,,,,,,,,
,,,,,,,,,,,,,,,,,
,,,,,,,,,,,,,,,,,
,,,,,,,,,,,,,,,,,
,,,,,,,,,,,,,,,,,
,,,,,,,,,,,,,,,,,
,,,,,,,,,,,,,,,,,
,,,,,,,,,,,,,,,,,
,,,,,,,,,,,,,,,,,
,,,,,,,,,,,,,,,,,
,,,,,,,,,,,,,,,,,
,,,,,,,,,,,,,,,,,
,,,,,,,,,,,,,,,,,
,,,,,,,,,,,,,,,,,
,,,,,,,,,,,,,,,,,
,,,,,,,,,,,,,,,,,
,,,,,,,,,,,,,,,,,
,,,,,,,,,,,,,,,,,
,,,,,,,,,,,,,,,,,
,,,,,,,,,,,,,,,,,
,,,,,,,,,,,,,,,,,
,,,,,,,,,,,,,,,,,
,,,,,,,,,,,,,,,,,
,,,,,,,,,,,,,,,,,
,,,,,,,,,,,,,,,,,
,,,,,,,,,,,,,,,,,
,,,,,,,,,,,,,,,,,
,,,,,,,,,,,,,,,,,
,,,,,,,,,,,,,,,,,
,,,,,,,,,,,,,,,,,
,,,,,,,,,,,,,,,,,
,,,,,,,,,,,,,,,,,
,,,,,,,,,,,,,,,,,
,,,,,,,,,,,,,,,,,
,,,,,,,,,,,,,,,,,
,,,,,,,,,,,,,,,,,
,,,,,,,,,,,,,,,,,
,,,,,,,,,,,,,,,,,
,,,,,,,,,,,,,,,,,
,,,,,,,,,,,,,,,,,
,,,,,,,,,,,,,,,,,
,,,,,,,,,,,,,,,,,
,,,,,,,,,,,,,,,,,
,,,,,,,,,,,,,,,,,
,,,,,,,,,,,,,,,,,
,,,,,,,,,,,,,,,,,
,,,,,,,,,,,,,,,,,
,,,,,,,,,,,,,,,,,
,,,,,,,,,,,,,,,,,
,,,,,,,,,,,,,,,,,
,,,,,,,,,,,,,,,,,
,,,,,,,,,,,,,,,,,
,,,,,,,,,,,,,,,,,
,,,,,,,,,,,,,,,,,
,,,,,,,,,,,,,,,,,
,,,,,,,,,,,,,,,,,
,,,,,,,,,,,,,,,,,
,,,,,,,,,,,,,,,,,
,,,,,,,,,,,,,,,,,
,,,,,,,,,,,,,,,,,
,,,,,,,,,,,,,,,,,
,,,,,,,,,,,,,,,,,
,,,,,,,,,,,,,,,,,
,,,,,,,,,,,,,,,,,
,,,,,,,,,,,,,,,,,
,,,,,,,,,,,,,,,,,
,,,,,,,,,,,,,,,,,
,,,,,,,,,,,,,,,,,
,,,,,,,,,,,,,,,,,
,,,,,,,,,,,,,,,,,
,,,,,,,,,,,,,,,,,
,,,,,,,,,,,,,,,,,
,,,,,,,,,,,,,,,,,
,,,,,,,,,,,,,,,,,
,,,,,,,,,,,,,,,,,
,,,,,,,,,,,,,,,,,
,,,,,,,,,,,,,,,,,
,,,,,,,,,,,,,,,,,
,,,,,,,,,,,,,,,,,
,,,,,,,,,,,,,,,,,
,,,,,,,,,,,,,,,,,
,,,,,,,,,,,,,,,,,
,,,,,,,,,,,,,,,,,
,,,,,,,,,,,,,,,,,
,,,,,,,,,,,,,,,,,
,,,,,,,,,,,,,,,,,
,,,,,,,,,,,,,,,,,
,,,,,,,,,,,,,,,,,
,,,,,,,,,,,,,,,,,
,,,,,,,,,,,,,,,,,
,,,,,,,,,,,,,,,,,
,,,,,,,,,,,,,,,,,
,,,,,,,,,,,,,,,,,
,,,,,,,,,,,,,,,,,
,,,,,,,,,,,,,,,,,
,,,,,,,,,,,,,,,,,
,,,,,,,,,,,,,,,,,
,,,,,,,,,,,,,,,,,
,,,,,,,,,,,,,,,,,
,,,,,,,,,,,,,,,,,
,,,,,,,,,,,,,,,,,
,,,,,,,,,,,,,,,,,
,,,,,,,,,,,,,,,,,
,,,,,,,,,,,,,,,,,
,,,,,,,,,,,,,,,,,
,,,,,,,,,,,,,,,,,
,,,,,,,,,,,,,,,,,
,,,,,,,,,,,,,,,,,
,,,,,,,,,,,,,,,,,
,,,,,,,,,,,,,,,,,
,,,,,,,,,,,,,,,,,
,,,,,,,,,,,,,,,,,
,,,,,,,,,,,,,,,,,
,,,,,,,,,,,,,,,,,
,,,,,,,,,,,,,,,,,
,,,,,,,,,,,,,,,,,
,,,,,,,,,,,,,,,,,
,,,,,,,,,,,,,,,,,
,,,,,,,,,,,,,,,,,
,,,,,,,,,,,,,,,,,
,,,,,,,,,,,,,,,,,
,,,,,,,,,,,,,,,,,
,,,,,,,,,,,,,,,,,
,,,,,,,,,,,,,,,,,
,,,,,,,,,,,,,,,,,
,,,,,,,,,,,,,,,,,
,,,,,,,,,,,,,,,,,
,,,,,,,,,,,,,,,,,
,,,,,,,,,,,,,,,,,
,,,,,,,,,,,,,,,,,
,,,,,,,,,,,,,,,,,
,,,,,,,,,,,,,,,,,
,,,,,,,,,,,,,,,,,
,,,,,,,,,,,,,,,,,
,,,,,,,,,,,,,,,,,
,,,,,,,,,,,,,,,,,
,,,,,,,,,,,,,,,,,
,,,,,,,,,,,,,,,,,
,,,,,,,,,,,,,,,,,
,,,,,,,,,,,,,,,,,
,,,,,,,,,,,,,,,,,
,,,,,,,,,,,,,,,,,
,,,,,,,,,,,,,,,,,
,,,,,,,,,,,,,,,,,
,,,,,,,,,,,,,,,,,
,,,,,,,,,,,,,,,,,
,,,,,,,,,,,,,,,,,
,,,,,,,,,,,,,,,,,
,,,,,,,,,,,,,,,,,
,,,,,,,,,,,,,,,,,
,,,,,,,,,,,,,,,,,
,,,,,,,,,,,,,,,,,
,,,,,,,,,,,,,,,,,
,,,,,,,,,,,,,,,,,
,,,,,,,,,,,,,,,,,
,,,,,,,,,,,,,,,,,
,,,,,,,,,,,,,,,,,
,,,,,,,,,,,,,,,,,
,,,,,,,,,,,,,,,,,
,,,,,,,,,,,,,,,,,
,,,,,,,,,,,,,,,,,
,,,,,,,,,,,,,,,,,
,,,,,,,,,,,,,,,,,
,,,,,,,,,,,,,,,,,
,,,,,,,,,,,,,,,,,
,,,,,,,,,,,,,,,,,
,,,,,,,,,,,,,,,,,
,,,,,,,,,,,,,,,,,
,,,,,,,,,,,,,,,,,
,,,,,,,,,,,,,,,,,
,,,,,,,,,,,,,,,,,
,,,,,,,,,,,,,,,,,
,,,,,,,,,,,,,,,,,
,,,,,,,,,,,,,,,,,
,,,,,,,,,,,,,,,,,
,,,,,,,,,,,,,,,,,
,,,,,,,,,,,,,,,,,
,,,,,,,,,,,,,,,,,
,,,,,,,,,,,,,,,,,
,,,,,,,,,,,,,,,,,
,,,,,,,,,,,,,,,,,
,,,,,,,,,,,,,,,,,
,,,,,,,,,,,,,,,,,
,,,,,,,,,,,,,,,,,
,,,,,,,,,,,,,,,,,
,,,,,,,,,,,,,,,,,
,,,,,,,,,,,,,,,,,
,,,,,,,,,,,,,,,,,
,,,,,,,,,,,,,,,,,
,,,,,,,,,,,,,,,,,
,,,,,,,,,,,,,,,,,
,,,,,,,,,,,,,,,,,
,,,,,,,,,,,,,,,,,
,,,,,,,,,,,,,,,,,
,,,,,,,,,,,,,,,,,
,,,,,,,,,,,,,,,,,
,,,,,,,,,,,,,,,,,
,,,,,,,,,,,,,,,,,
,,,,,,,,,,,,,,,,,
,,,,,,,,,,,,,,,,,
,,,,,,,,,,,,,,,,,
,,,,,,,,,,,,,,,,,
,,,,,,,,,,,,,,,,,
,,,,,,,,,,,,,,,,,
,,,,,,,,,,,,,,,,,
,,,,,,,,,,,,,,,,,
,,,,,,,,,,,,,,,,,
,,,,,,,,,,,,,,,,,
,,,,,,,,,,,,,,,,,
,,,,,,,,,,,,,,,,,
,,,,,,,,,,,,,,,,,
,,,,,,,,,,,,,,,,,
,,,,,,,,,,,,,,,,,
,,,,,,,,,,,,,,,,,
,,,,,,,,,,,,,,,,,
,,,,,,,,,,,,,,,,,
,,,,,,,,,,,,,,,,,
,,,,,,,,,,,,,,,,,
,,,,,,,,,,,,,,,,,
,,,,,,,,,,,,,,,,,
,,,,,,,,,,,,,,,,,
,,,,,,,,,,,,,,,,,
,,,,,,,,,,,,,,,,,
,,,,,,,,,,,,,,,,,
,,,,,,,,,,,,,,,,,
,,,,,,,,,,,,,,,,,
,,,,,,,,,,,,,,,,,
,,,,,,,,,,,,,,,,,
,,,,,,,,,,,,,,,,,
,,,,,,,,,,,,,,,,,
,,,,,,,,,,,,,,,,,
,,,,,,,,,,,,,,,,,
,,,,,,,,,,,,,,,,,
,,,,,,,,,,,,,,,,,
,,,,,,,,,,,,,,,,,
,,,,,,,,,,,,,,,,,
,,,,,,,,,,,,,,,,,
,,,,,,,,,,,,,,,,,
,,,,,,,,,,,,,,,,,
,,,,,,,,,,,,,,,,,
,,,,,,,,,,,,,,,,,
,,,,,,,,,,,,,,,,,
,,,,,,,,,,,,,,,,,
,,,,,,,,,,,,,,,,,
,,,,,,,,,,,,,,,,,
,,,,,,,,,,,,,,,,,
,,,,,,,,,,,,,,,,,
,,,,,,,,,,,,,,,,,
,,,,,,,,,,,,,,,,,
,,,,,,,,,,,,,,,,,
,,,,,,,,,,,,,,,,,
,,,,,,,,,,,,,,,,,
,,,,,,,,,,,,,,,,,
,,,,,,,,,,,,,,,,,
,,,,,,,,,,,,,,,,,
,,,,,,,,,,,,,,,,,
,,,,,,,,,,,,,,,,,
,,,,,,,,,,,,,,,,,
,,,,,,,,,,,,,,,,,
,,,,,,,,,,,,,,,,,
,,,,,,,,,,,,,,,,,
,,,,,,,,,,,,,,,,,
,,,,,,,,,,,,,,,,,
,,,,,,,,,,,,,,,,,
,,,,,,,,,,,,,,,,,
,,,,,,,,,,,,,,,,,
,,,,,,,,,,,,,,,,,
,,,,,,,,,,,,,,,,,
,,,,,,,,,,,,,,,,,
,,,,,,,,,,,,,,,,,
,,,,,,,,,,,,,,,,,
,,,,,,,,,,,,,,,,,
,,,,,,,,,,,,,,,,,
,,,,,,,,,,,,,,,,,
,,,,,,,,,,,,,,,,,
,,,,,,,,,,,,,,,,,
,,,,,,,,,,,,,,,,,
,,,,,,,,,,,,,,,,,
,,,,,,,,,,,,,,,,,
,,,,,,,,,,,,,,,,,
,,,,,,,,,,,,,,,,,
,,,,,,,,,,,,,,,,,
,,,,,,,,,,,,,,,,,
,,,,,,,,,,,,,,,,,
,,,,,,,,,,,,,,,,,
,,,,,,,,,,,,,,,,,
,,,,,,,,,,,,,,,,,
,,,,,,,,,,,,,,,,,
,,,,,,,,,,,,,,,,,
,,,,,,,,,,,,,,,,,
,,,,,,,,,,,,,,,,,
,,,,,,,,,,,,,,,,,
,,,,,,,,,,,,,,,,,
,,,,,,,,,,,,,,,,,
,,,,,,,,,,,,,,,,,
,,,,,,,,,,,,,,,,,
,,,,,,,,,,,,,,,,,
,,,,,,,,,,,,,,,,,
,,,,,,,,,,,,,,,,,
,,,,,,,,,,,,,,,,,
,,,,,,,,,,,,,,,,,
,,,,,,,,,,,,,,,,,
,,,,,,,,,,,,,,,,,
,,,,,,,,,,,,,,,,,
,,,,,,,,,,,,,,,,,
,,,,,,,,,,,,,,,,,
,,,,,,,,,,,,,,,,,
,,,,,,,,,,,,,,,,,
,,,,,,,,,,,,,,,,,
,,,,,,,,,,,,,,,,,
,,,,,,,,,,,,,,,,,
,,,,,,,,,,,,,,,,,
,,,,,,,,,,,,,,,,,
,,,,,,,,,,,,,,,,,
,,,,,,,,,,,,,,,,,
,,,,,,,,,,,,,,,,,
,,,,,,,,,,,,,,,,,
,,,,,,,,,,,,,,,,,
,,,,,,,,,,,,,,,,,
,,,,,,,,,,,,,,,,,
,,,,,,,,,,,,,,,,,
,,,,,,,,,,,,,,,,,
,,,,,,,,,,,,,,,,,
,,,,,,,,,,,,,,,,,
,,,,,,,,,,,,,,,,,
,,,,,,,,,,,,,,,,,
,,,,,,,,,,,,,,,,,
,,,,,,,,,,,,,,,,,
,,,,,,,,,,,,,,,,,
,,,,,,,,,,,,,,,,,
,,,,,,,,,,,,,,,,,
,,,,,,,,,,,,,,,,,
,,,,,,,,,,,,,,,,,
,,,,,,,,,,,,,,,,,
,,,,,,,,,,,,,,,,,
,,,,,,,,,,,,,,,,,
,,,,,,,,,,,,,,,,,
,,,,,,,,,,,,,,,,,
,,,,,,,,,,,,,,,,,
,,,,,,,,,,,,,,,,,
,,,,,,,,,,,,,,,,,
,,,,,,,,,,,,,,,,,
,,,,,,,,,,,,,,,,,
,,,,,,,,,,,,,,,,,
,,,,,,,,,,,,,,,,,
,,,,,,,,,,,,,,,,,
,,,,,,,,,,,,,,,,,
,,,,,,,,,,,,,,,,,
,,,,,,,,,,,,,,,,,
,,,,,,,,,,,,,,,,,
,,,,,,,,,,,,,,,,,
,,,,,,,,,,,,,,,,,
,,,,,,,,,,,,,,,,,
,,,,,,,,,,,,,,,,,
,,,,,,,,,,,,,,,,,
,,,,,,,,,,,,,,,,,
,,,,,,,,,,,,,,,,,
,,,,,,,,,,,,,,,,,
,,,,,,,,,,,,,,,,,
,,,,,,,,,,,,,,,,,
,,,,,,,,,,,,,,,,,
,,,,,,,,,,,,,,,,,
,,,,,,,,,,,,,,,,,
,,,,,,,,,,,,,,,,,
,,,,,,,,,,,,,,,,,
,,,,,,,,,,,,,,,,,
,,,,,,,,,,,,,,,,,
,,,,,,,,,,,,,,,,,
,,,,,,,,,,,,,,,,,
,,,,,,,,,,,,,,,,,
,,,,,,,,,,,,,,,,,
,,,,,,,,,,,,,,,,,
,,,,,,,,,,,,,,,,,
,,,,,,,,,,,,,,,,,
,,,,,,,,,,,,,,,,,
,,,,,,,,,,,,,,,,,
,,,,,,,,,,,,,,,,,
,,,,,,,,,,,,,,,,,
,,,,,,,,,,,,,,,,,
,,,,,,,,,,,,,,,,,
,,,,,,,,,,,,,,,,,
,,,,,,,,,,,,,,,,,
,,,,,,,,,,,,,,,,,
,,,,,,,,,,,,,,,,,
,,,,,,,,,,,,,,,,,
,,,,,,,,,,,,,,,,,
,,,,,,,,,,,,,,,,,
,,,,,,,,,,,,,,,,,
,,,,,,,,,,,,,,,,,
,,,,,,,,,,,,,,,,,
,,,,,,,,,,,,,,,,,
,,,,,,,,,,,,,,,,,
,,,,,,,,,,,,,,,,,
,,,,,,,,,,,,,,,,,
,,,,,,,,,,,,,,,,,
,,,,,,,,,,,,,,,,,
,,,,,,,,,,,,,,,,,
,,,,,,,,,,,,,,,,,
,,,,,,,,,,,,,,,,,
,,,,,,,,,,,,,,,,,
,,,,,,,,,,,,,,,,,
,,,,,,,,,,,,,,,,,
,,,,,,,,,,,,,,,,,
,,,,,,,,,,,,,,,,,
,,,,,,,,,,,,,,,,,
,,,,,,,,,,,,,,,,,
,,,,,,,,,,,,,,,,,
,,,,,,,,,,,,,,,,,
,,,,,,,,,,,,,,,,,
,,,,,,,,,,,,,,,,,
,,,,,,,,,,,,,,,,,
,,,,,,,,,,,,,,,,,
,,,,,,,,,,,,,,,,,
,,,,,,,,,,,,,,,,,
,,,,,,,,,,,,,,,,,
,,,,,,,,,,,,,,,,,
,,,,,,,,,,,,,,,,,
,,,,,,,,,,,,,,,,,
,,,,,,,,,,,,,,,,,
,,,,,,,,,,,,,,,,,
,,,,,,,,,,,,,,,,,
,,,,,,,,,,,,,,,,,
,,,,,,,,,,,,,,,,,
,,,,,,,,,,,,,,,,,
,,,,,,,,,,,,,,,,,
,,,,,,,,,,,,,,,,,
,,,,,,,,,,,,,,,,,
,,,,,,,,,,,,,,,,,
,,,,,,,,,,,,,,,,,
,,,,,,,,,,,,,,,,,
,,,,,,,,,,,,,,,,,
,,,,,,,,,,,,,,,,,
,,,,,,,,,,,,,,,,,
,,,,,,,,,,,,,,,,,
,,,,,,,,,,,,,,,,,
,,,,,,,,,,,,,,,,,
,,,,,,,,,,,,,,,,,
,,,,,,,,,,,,,,,,,
,,,,,,,,,,,,,,,,,
,,,,,,,,,,,,,,,,,
,,,,,,,,,,,,,,,,,
,,,,,,,,,,,,,,,,,
,,,,,,,,,,,,,,,,,
,,,,,,,,,,,,,,,,,
,,,,,,,,,,,,,,,,,
,,,,,,,,,,,,,,,,,
,,,,,,,,,,,,,,,,,
,,,,,,,,,,,,,,,,,
,,,,,,,,,,,,,,,,,
,,,,,,,,,,,,,,,,,
,,,,,,,,,,,,,,,,,
,,,,,,,,,,,,,,,,,
,,,,,,,,,,,,,,,,,
,,,,,,,,,,,,,,,,,
,,,,,,,,,,,,,,,,,
,,,,,,,,,,,,,,,,,
,,,,,,,,,,,,,,,,,
,,,,,,,,,,,,,,,,,
,,,,,,,,,,,,,,,,,
,,,,,,,,,,,,,,,,,
,,,,,,,,,,,,,,,,,
,,,,,,,,,,,,,,,,,
,,,,,,,,,,,,,,,,,
,,,,,,,,,,,,,,,,,
,,,,,,,,,,,,,,,,,
,,,,,,,,,,,,,,,,,
,,,,,,,,,,,,,,,,,
,,,,,,,,,,,,,,,,,
,,,,,,,,,,,,,,,,,
,,,,,,,,,,,,,,,,,
,,,,,,,,,,,,,,,,,
,,,,,,,,,,,,,,,,,
,,,,,,,,,,,,,,,,,
,,,,,,,,,,,,,,,,,
,,,,,,,,,,,,,,,,,
,,,,,,,,,,,,,,,,,
,,,,,,,,,,,,,,,,,
,,,,,,,,,,,,,,,,,
,,,,,,,,,,,,,,,,,
,,,,,,,,,,,,,,,,,
,,,,,,,,,,,,,,,,,
,,,,,,,,,,,,,,,,,
,,,,,,,,,,,,,,,,,
,,,,,,,,,,,,,,,,,
,,,,,,,,,,,,,,,,,
,,,,,,,,,,,,,,,,,
,,,,,,,,,,,,,,,,,
,,,,,,,,,,,,,,,,,
,,,,,,,,,,,,,,,,,
,,,,,,,,,,,,,,,,,
,,,,,,,,,,,,,,,,,
,,,,,,,,,,,,,,,,,
,,,,,,,,,,,,,,,,,
,,,,,,,,,,,,,,,,,
,,,,,,,,,,,,,,,,,
,,,,,,,,,,,,,,,,,
,,,,,,,,,,,,,,,,,
,,,,,,,,,,,,,,,,,
,,,,,,,,,,,,,,,,,
,,,,,,,,,,,,,,,,,
,,,,,,,,,,,,,,,,,
,,,,,,,,,,,,,,,,,
,,,,,,,,,,,,,,,,,
,,,,,,,,,,,,,,,,,
,,,,,,,,,,,,,,,,,
,,,,,,,,,,,,,,,,,
,,,,,,,,,,,,,,,,,
,,,,,,,,,,,,,,,,,
,,,,,,,,,,,,,,,,,
,,,,,,,,,,,,,,,,,
,,,,,,,,,,,,,,,,,
,,,,,,,,,,,,,,,,,
,,,,,,,,,,,,,,,,,
,,,,,,,,,,,,,,,,,
,,,,,,,,,,,,,,,,,
,,,,,,,,,,,,,,,,,
,,,,,,,,,,,,,,,,,
,,,,,,,,,,,,,,,,,
,,,,,,,,,,,,,,,,,
,,,,,,,,,,,,,,,,,
,,,,,,,,,,,,,,,,,
,,,,,,,,,,,,,,,,,
,,,,,,,,,,,,,,,,,
,,,,,,,,,,,,,,,,,
,,,,,,,,,,,,,,,,,
,,,,,,,,,,,,,,,,,
,,,,,,,,,,,,,,,,,
,,,,,,,,,,,,,,,,,
,,,,,,,,,,,,,,,,,
,,,,,,,,,,,,,,,,,
,,,,,,,,,,,,,,,,,
